,ROSE,ANKR,VET,NEAR,ETH,EOS,BAKE,GRT,REEF,INJ,FIL,MATIC,BCH,IOST,CHR,EGLD,HBAR,ZIL,ALGO,DENT,DASH,ALICE,IOTA,LINK,XTZ,LRC,ONE,SXP,KAVA,AXS,ADA,SOL,ONT,ETC,MANA,SNX,ZEC,CFX,YFI,WAVES,LTC,CHZ,XLM,COTI,DOT,OMG,SUSHI,FTM,BNB,UNI,STX,RUNE,THETA,HOT,1INCH,FET,KSM,SLP,CRV,IOTX,BTC,AVAX,ENJ,CAKE,XRP,TRX,ATOM,AAVE,DOGE,NEO,SAND,QTUM
ROSE,0.0,-0.18085734077506838,-0.47655036607666335,-0.025779129269098422,-0.18310384948158948,-0.6740743788354939,0.0,-0.7167920233142298,-0.12343217571693117,-0.28884932326721263,0.6189077023003291,-0.4812212641569238,-0.0839414232291775,-0.31657101903737117,-0.667550455622682,-0.6167111875183912,0.22920730244889181,-0.34147197645204347,-1.0287537131950848,0.3280924955711344,0.6705808257478105,0.0,-0.3703967760320007,-0.7231925513280248,-0.3392801969031668,-0.6275528021201049,0.10730943266059192,0.3037105000183493,-0.6208311259524504,-0.044064053736361186,-0.8291892608659792,0.6572378108845033,-0.2153123794612032,-0.014100157620686574,0.8968408536691371,-0.4759442872741957,0.6627743999866639,0.0,0.9450275707755951,0.3012460079547409,0.03345168971648649,-0.7426664687569133,-0.5541458731400548,0.6208763920141029,-0.3198793938150493,-0.5165708469553673,-0.3471254574310496,-0.3990627538098187,0.14470046966577202,-0.4718314802511028,-0.4501686224987441,-0.7205646461832647,-0.4663543720215743,-0.10316226789169158,-0.7607438259254173,-0.40654607414146265,-0.17216695214197436,0.0,-0.17679341942644716,-0.47437283213867615,0.30469757156176247,-0.6644581716957323,0.06638339325157727,0.0,0.9431231421068038,0.02158913837910803,-0.6649979204602539,-0.17908295192074852,-0.6170712290119931,0.43160587044157567,-0.7119829821935535,-0.2981234390158367
ANKR,0.18085734077506838,0.0,-0.4389339237847827,-0.6665939151149499,-0.018850831609034408,-0.7772587053741905,0.0,-0.7061928864738383,-0.07628007395802096,-0.5058906864008509,1.2792255923260014,-0.2816284691636202,0.24764307383323256,-0.9462420636450224,-0.7152066278873999,-0.5623840548103232,-0.6532115219041601,-0.18801903966066824,-0.95548375199074,0.16656452705282732,1.439998899617874,0.0,0.0313689956067936,-0.5775735130659799,0.35114094537374074,-0.5955371292196298,-0.2866760694118755,-0.32099445198695686,-0.18799655985130398,-0.008160317704802675,-0.855574422980065,0.2376955265791576,0.16665516951850942,0.7484196925633245,0.5103765248290276,-0.04953100833738632,1.3999308480610777,0.0,0.47323304265370775,0.778608475148983,-0.036945240223676463,-0.7200516126436642,-0.46325251441814586,0.2412171582234693,-0.23930757827943036,-0.19987766808186969,-0.9454723968396573,-0.5614075292507029,0.13593146735284437,-0.4260493259338547,-0.3027651868828766,-0.34877647668218975,-0.7259448683215017,-0.18169226700619173,-0.6287229957222898,-0.36413905003944724,0.15538599985858692,0.0,0.12143496505585864,-0.5157402927640368,-0.32007335155419003,-1.3503163361230848,-0.8330320053638783,0.0,0.7866430866266142,0.33614422777931996,-0.19880473134736842,0.37897661772276725,-0.6623061893038606,1.275889240052765,-0.9256925232061293,0.2114303925142318
VET,0.47655036607666335,0.4389339237847827,0.0,-0.2888622821739433,0.5072556626632023,0.1382052807155513,0.0,-0.006244574013217374,-0.17297149426930067,-0.1280817276203521,0.7219066541016352,0.638189889771932,0.439786544912751,-0.3327374472373748,0.153181407607888,0.31317488716106534,-0.44585761811419233,0.42931259840747593,-0.0594756132050049,0.5952433364151353,0.7835292880258465,0.0,0.6154586163223799,0.21385930398287514,0.7505954702320699,-0.15868383197915184,0.3722320813774973,0.19282444588694742,0.5159906366593463,0.5519226493959222,0.18582522244026506,0.19223620424847893,0.5850265592319009,0.6897885859365814,0.46577299894872093,0.31139796468810876,0.8838953592745021,0.0,0.42826596828617847,0.6162913205074008,0.3633832278910101,-0.13064005525360198,0.4779652819940405,0.5037854598401851,0.0923541543059305,0.33984448975751713,-0.1728396427165701,0.4073978748485931,0.4039903447010541,-0.032892351990651124,0.033879212994565526,0.20399167635384918,-0.5559347768324214,0.0717917993044824,-0.08871048347836832,0.38897010836058665,0.32399100773004735,0.0,0.517553284798925,0.0862362511207287,0.15359789367019416,-0.5280592526410989,-0.19116843371032283,0.0,0.7787386520107429,0.7383213936159619,0.3998814413118954,0.500604897395778,-0.10510471249600212,1.080205950664342,-0.03453157330496644,0.6735252924041137
NEAR,0.025779129269098422,0.6665939151149499,0.2888622821739433,0.0,0.30755689802430164,0.4261272378310495,0.0,0.19368577696447545,-0.025412113399183645,-0.16953965847409957,0.8643692705633406,0.43439995778751145,0.9716462559146938,0.14788607307412244,0.627704855328063,-0.0071799912840014414,-0.670884926378734,0.3859851117809395,0.4003921969461722,0.6131831812847623,1.0674931090473387,0.0,0.6553327373170876,0.6643640958844566,0.9060406495405704,-0.20727726164847987,0.03794068605029233,0.045810768915173924,0.791152597895463,0.28476566881084664,0.3290083683560873,-0.2506380491813074,1.0388928110088216,1.077234907891074,-0.644119484345309,0.4074191807503478,1.1459734010222826,0.0,-0.4976453974641051,0.8667402567880516,0.333955195633039,0.4480601073029007,0.3137874308764726,0.08489142320088283,0.5554875399421486,0.5092827465158598,-0.21897251469821308,0.24031714834397325,0.10129911691391422,0.12977747140825358,-0.36129109201982407,0.6552421216103584,0.13458247868043138,0.5385692602144043,0.40928986779961263,0.34407835467385406,0.9382164117004849,0.0,0.7399961358092983,0.5090446569257903,-0.4800166116887261,-0.032814233395355,-0.5354289624363148,0.0,-0.2930165432063551,0.7431666940011318,0.8373237322316933,0.2555259736859421,0.4652263063767948,0.9976198337148396,0.2948604940032268,1.0618608231741329
ETH,0.18310384948158948,0.018850831609034408,-0.5072556626632023,-0.30755689802430164,0.0,-0.30739321613554554,0.0,0.1139727051217968,0.4308019346825469,-0.61041334825589,0.9223543028845289,0.3069610828835946,0.030422541780903894,-0.3923294176799591,-0.112697643751094,0.2856911275598506,-0.17661572621236057,0.3481222415192577,-0.16796509001062063,0.22872868915773464,0.8118905357232187,0.0,0.38736315413921174,-0.2885873056214499,0.570478238732776,-0.08590159686353599,-0.18246894232827052,-0.0983381840188838,0.24414978352217123,-0.03721853873327105,-0.1736316556808406,0.21590732360427853,0.15052355107573295,0.5991055493937862,0.2366274816527501,0.49063287512917053,0.8439453211380386,0.0,0.14062343210423053,0.49427784160839955,-0.23028478443659597,-0.377780031631692,0.13828007352636834,-0.06120283316632391,-0.48041440516933087,0.024832714607659456,-0.23089351600155156,-0.02138252389757886,-0.07624743481468432,-0.27394120508933006,-0.18959461629524288,-0.0941595126093612,-0.27052554993779865,0.04578323769028232,-0.3735130712193622,-0.08959365964716631,-0.16659556544768495,0.0,0.04546400139070781,-0.2608378250318353,-0.17950124332847428,-0.36423851994864254,-0.15162455684772425,0.0,0.5151530360457587,0.2489271294631529,0.04833094262098454,0.795851368639725,0.00196337576849398,0.6559426450418244,-0.5574417079384402,0.2660288041028115
EOS,0.6740743788354939,0.7772587053741905,-0.1382052807155513,-0.4261272378310495,0.30739321613554554,0.0,0.0,0.07079653704193936,0.47087708260512756,-0.4356135702299567,1.476060483533161,0.2502367005466921,0.8634298110814902,-0.5303406805795595,0.1331131468513279,-0.09250846283458716,-0.8021217806155397,0.5264746583942435,-0.21804425994772192,0.7668513058117554,1.517833251174958,0.0,0.8514135160837157,0.1113476965415479,0.9474841145471793,-0.3084714380658096,0.1935102085620012,0.10276272612286133,0.6060922491905789,0.5290078667543404,-0.26427952121273246,0.09229144499010322,0.8315627214788444,1.1246740480477915,0.45330518010500837,0.34832659741429656,1.548977066940369,0.0,0.49255787749070873,1.3506600018392865,0.2767043459143756,-0.028017040393684967,-0.013974138594313814,0.48116691954910246,0.21425439450973727,0.3247033424045498,-0.29626539933474433,-0.08523092105859077,0.57140698660607,0.06056345151268888,-0.11954130193146424,0.2892699446788728,-0.2505546886630481,0.5496896827272874,-0.19312008230879604,0.13159820622077842,0.34740794268447217,0.0,0.7854524811901806,0.2829136606184509,-0.06919061754262529,-0.7252511408858253,-0.7054973443526321,0.0,0.8480686035085091,0.8908536100583879,0.5292652402404479,0.692819342125265,0.117259898948342,1.4091748756748461,-0.3121392465470776,0.8522484214235051
BAKE,-0.0,-0.0,-0.0,-0.0,-0.0,-0.0,0.0,0.0,0.0,0.0,0.0,0.0,0.0,0.0,0.0,0.0,0.0,0.0,0.0,0.0,0.0,0.0,0.0,0.0,0.0,0.0,0.0,0.0,0.0,0.0,0.0,0.0,0.0,0.0,0.0,0.0,0.0,0.0,0.0,0.0,0.0,0.0,0.0,0.0,0.0,0.0,0.0,0.0,0.0,0.0,0.0,0.0,0.0,0.0,0.0,0.0,0.0,0.0,0.0,0.0,0.0,0.0,0.0,0.0,0.0,0.0,0.0,0.0,0.0,0.0,0.0,0.0
GRT,0.7167920233142298,0.7061928864738383,0.006244574013217374,-0.19368577696447545,-0.1139727051217968,-0.07079653704193936,-0.0,0.0,0.049288141630901505,-0.37968672056763014,1.156836606535616,0.016883089301910847,0.4611926418120097,-0.6310197582990135,-0.14269121892841266,-0.42235777539667846,-0.5373394901349423,0.3728445492821871,-0.5400146006108393,0.3767150994320545,1.1338868915571012,0.0,-0.01993855317182349,0.11529741242338792,0.22527802276408238,-0.9805339802770365,0.04981815686994945,0.3124629173806629,0.030849456292484458,0.47055581684865777,-0.288629559669226,-0.5157624750419897,0.6064567534184131,0.31261992215159695,0.7412879857191262,-0.8152050897849972,1.0835027168621596,0.0,0.5140459243485302,1.1010373001258298,0.17499207537761755,0.14685902693224745,0.14469524696993685,0.4809013480733727,0.3033735689638801,-0.3206720306182438,-0.7551840336442255,-0.361582710571163,0.19389577827648657,-0.04772359515333069,-0.09680026043318249,-0.40131394177732715,0.20054723321590653,0.3191580742339346,0.23421489993451605,0.21115100458693617,0.6928793048055126,0.0,0.31168237638575774,0.36472565495109904,0.44262371036041126,-0.7920451588276898,-0.6194066404247989,0.0,0.7367190286764207,0.23364393664734043,0.047792674677713726,-0.5513111344647375,0.06854020176340858,1.2330057808258408,-0.20158239527213373,0.5074886869694228
REEF,0.12343217571693117,0.07628007395802096,0.17297149426930067,0.025412113399183645,-0.4308019346825469,-0.47087708260512756,-0.0,-0.049288141630901505,0.0,-0.3335557400327551,0.8621271203259143,-0.3724432744279109,-0.022596422421178042,-0.8269220237397075,-0.5379452207640084,-0.36059367903721384,-0.15365179904208034,-0.1336900006425013,-0.39473168675654774,-0.4781838925812106,0.7994923907855171,0.0,-0.7318773363686479,-0.03998809941068193,-0.20014738192465503,-0.7700580030168633,-0.7323377240790019,-0.12942058856340966,-0.3941774888146412,-0.23792823495573773,-0.20807881561259506,-1.0533127929033097,0.18891230338084014,0.06086725239908901,-0.0033044273848903422,-0.8487488347979909,0.5905069307850848,0.0,-0.35452072474139,0.5913036180618643,-0.1945930050917529,0.2798819052206123,0.0917755616864721,-0.31525260989635306,0.15364815016802044,-0.5084387304485509,-1.000202834925627,-0.7221967299787112,-0.4361840388278097,0.044808509012186054,-0.16661564354035993,-0.7125907378622454,0.6296092979092887,-0.2978179943346353,0.689856432607055,0.06106567245145472,0.818779536615112,0.0,-0.2516552530645523,0.040878997464453753,0.10211060930289978,-0.6365194266326216,-0.6534966940427872,0.0,-0.36046120050745106,-0.7382438007123104,-0.24829543899690976,-0.8112965678248871,-0.009225796789691085,0.7848902469286753,-0.33242288513813834,0.1377394516554989
INJ,0.28884932326721263,0.5058906864008509,0.1280817276203521,0.16953965847409957,0.61041334825589,0.4356135702299567,-0.0,0.37968672056763014,0.3335557400327551,0.0,0.4929928150321281,0.6307074338869109,0.6246805288247074,0.22056758621700287,0.5903164905566309,0.6130427628521775,-0.06453400754964425,0.5187657509729506,0.5064156581125707,0.790835537913394,0.4877644652287112,0.0,0.9474580584932761,0.4048244313419685,0.8533043605134543,0.4044147240984292,0.5029968278910899,0.39852233027533607,0.7901078519300895,0.4781184230536821,0.4673162381676343,0.40228597808457245,0.6616336380827331,0.8046602451382932,0.05626728525029279,0.8698150922612,0.6058965604039105,0.0,0.22323947099875058,0.572092933332651,0.43671312015168445,0.21115105349567018,0.4125250026364643,0.4214079512581903,0.21067221829017455,0.6918102813559878,0.6189386480849735,0.6337023905873133,0.534350153989895,0.3022552344938562,-0.037627594632663325,0.5892563112393479,-0.15236034001148946,0.4061208909355113,0.025207626579127312,0.4453608002186843,0.12600422517866222,0.0,0.7162574482530126,0.35564907024947195,0.10200640287989438,0.2812365604175178,0.21694681524227993,0.0,0.3602166271786645,0.7506987739639663,0.6548947709074657,0.8671989194943067,0.34649409287729116,0.5356631479700535,0.26075721811662106,0.7352552226902082
FIL,-0.6189077023003291,-1.2792255923260014,-0.7219066541016352,-0.8643692705633406,-0.9223543028845289,-1.476060483533161,-0.0,-1.156836606535616,-0.8621271203259143,-0.4929928150321281,0.0,-0.8667143585263791,-1.1919655981123407,-1.0667479001109432,-1.6042039218360493,-0.906568148715815,-0.166394377131527,-1.0587512614657542,-1.415366994290769,-1.3313767792037083,0.13100843743876606,0.0,-1.5247649841727389,-1.2146214920024623,-1.0031771774564946,-0.8523156643271903,-1.2104432985133482,-1.0704166852037114,-1.3961437935591796,-1.1146122283577378,-1.1042143140622875,-0.3664096248508746,-1.1409973073346105,-0.6968101959927443,0.0702548277713144,-0.9868895246954483,-0.020012916976697437,0.0,-0.3066577082820501,-0.7445970536510302,-0.9797288010913541,-1.1960518460344285,-0.577746870815457,-0.8294813411868862,-1.020977537754578,-1.2244985499811045,-1.7193243134959415,-1.1863925609182084,-1.1253277040056795,-1.017129745384293,-0.14105098179525408,-1.325618623777285,-0.6496863615679696,-1.2387523608090945,-0.569355900184649,-0.9628885401201392,-0.30581447480388735,0.0,-1.3649485526021727,-1.3609890938089753,-0.5878126262311754,-1.341685028971001,-0.7300083064246471,0.0,-0.13968677643152716,-1.1763263452464274,-1.3098563344427325,-0.7052695896449924,-1.2916980682146981,0.09552041953637191,-1.2758524292045177,-1.0719993469038271
MATIC,0.4812212641569238,0.2816284691636202,-0.638189889771932,-0.43439995778751145,-0.3069610828835946,-0.2502367005466921,-0.0,-0.016883089301910847,0.3724432744279109,-0.6307074338869109,0.8667143585263791,0.0,0.06671070883648339,-0.2933761270724802,-0.16086331643296709,-0.32138109957298144,-0.35920294275093023,0.3819630714499392,-0.617296693285431,0.3886285954534181,0.7730984404008263,0.0,0.20458308700844025,-0.3767481299384404,0.19357980675731606,-0.6254898663913236,0.07169973232244067,0.10134867039840796,-0.02527353643320726,0.14905520383623228,-0.5794313056807309,0.1886877864079183,0.08576835371608987,0.15579846423597846,0.7597950747627683,-0.28308727466904743,0.8235476680512992,0.0,0.6554866321936021,0.6404640266111845,-0.2726638708220088,-0.4363117411933616,-0.1806696880633872,0.27134437204694734,-0.39470134343028906,-0.40523777312295345,-0.4171952644856556,-0.3165924368112816,0.013784014228448549,-0.4552865208749244,-0.13720000166364182,-0.33421960482946034,-0.1773087541536153,0.4260101431099671,-0.5677960145122167,-0.2839689575375597,-0.2648531247808659,0.0,-0.009868955685541789,-0.05955846007085244,0.12414999926574066,-0.5016542181193051,-0.28902841572124327,0.0,1.0025324029897882,0.35259851669836095,-0.1960324344220733,0.14404069602098815,-0.0229943294845963,0.5909474199825127,-0.5564726212531813,0.05462914166056331
BCH,0.0839414232291775,-0.24764307383323256,-0.439786544912751,-0.9716462559146938,-0.030422541780903894,-0.8634298110814902,-0.0,-0.4611926418120097,0.022596422421178042,-0.6246805288247074,1.1919655981123407,-0.06671070883648339,0.0,-1.24588856118163,-0.7737214615062065,-0.1491393808759954,-0.8524838880890163,-0.14991844263766158,-0.6166799467282278,-0.3697385213279263,1.301987382233241,0.0,0.07973602154357111,-0.5304466216483728,0.5466873017658352,-0.24302802401446819,-0.7690235121244611,-0.8685684183389726,-0.024947607734982516,-0.28651533377793986,-0.5958248014657805,-0.1976896592590457,0.03503914294634547,0.8594054944577478,-0.018823967691265042,0.37441294678544923,1.2166081217937847,0.0,-0.20721244933677668,0.5679309901930107,-0.33957681476702234,-0.6526961809536863,-0.1745016510214571,-0.42410549765690575,-0.4595088817852597,-0.043340582701515556,-1.1250720551386992,-0.5900474298621045,-0.15980865125777938,-0.34971355917421126,-0.05995307930630056,-0.2023260970872453,-0.7030299833584457,-0.5237245356430107,-0.3717435453695939,-0.33876329975717356,0.0784999095831097,0.0,-0.04711751583576196,-0.6872512895971365,-0.7385215049506388,-1.3901399945220065,-1.0997288935784981,0.0,0.2494495722478508,0.058101159269009744,-0.04431937432659572,0.7883700802606923,-0.6247974814821426,1.2450728189004399,-1.0048082699267786,0.2188063395068237
IOST,0.31657101903737117,0.9462420636450224,0.3327374472373748,-0.14788607307412244,0.3923294176799591,0.5303406805795595,-0.0,0.6310197582990135,0.8269220237397075,-0.22056758621700287,1.0667479001109432,0.2933761270724802,1.24588856118163,0.0,0.7982301932288172,0.17093882759186235,-0.8918672044630431,0.5980169785983132,0.7750095246878597,0.5732823463878887,1.1541009274893244,0.0,1.2013316757067791,0.7284950833243005,1.2258003942517348,0.3303561641778861,-0.05788257606611744,-0.1828366320230247,1.1453105561404593,0.35341005017732896,0.2968487403591482,-0.38737366473748724,1.1424086488580705,1.4210804238907722,-0.8131829954056218,0.9576059846156945,1.1554923684294052,0.0,-0.6058868473698323,1.2706635930395618,0.31360932659130386,0.7673908667347025,0.05995691998152253,-0.14321869149835445,0.6836440564493187,0.900146434061281,0.20469181838635866,0.05854116313398587,0.49578248889808596,0.5972504170716323,-0.0816525787850938,1.0717741883450835,0.45573012727800416,0.8608059502716774,0.4741302126302415,0.2981367565754187,0.6105067456362163,0.0,1.124102952690043,0.775804917092692,-0.6560892146503375,0.11818598859851646,-0.8244570783530089,0.0,-0.45242468889933474,0.834938879526542,1.1979289167125176,0.9006867183904578,0.8140793894691618,0.8690471321970044,0.28290835915363244,1.1765119474030814
CHR,0.667550455622682,0.7152066278873999,-0.153181407607888,-0.627704855328063,0.112697643751094,-0.1331131468513279,-0.0,0.14269121892841266,0.5379452207640084,-0.5903164905566309,1.6042039218360493,0.16086331643296709,0.7737214615062065,-0.7982301932288172,0.0,-0.15420182010369454,-1.0408174654153415,0.5039873620752287,-0.2180586596597411,0.41022766239724795,1.6331567517206538,0.0,0.7005017840310155,0.10036985473530212,0.9469154014285638,-0.3973849813382152,-0.1923830589994444,-0.22605483306537788,0.5638046108464752,0.33598129953817013,-0.31743460980916527,-0.34925953682157734,0.7950499810507002,1.1433344324207924,0.19909087262950245,0.25571313833054116,1.6015784346974347,0.0,0.1135540734047859,1.3932712014401694,0.04545788823570632,0.05106713948478407,-0.0070178524600450765,0.08804890749760372,0.16120000142862814,0.21849367184412294,-0.6548908792710122,-0.35919045462922516,0.31739252783328353,0.05284209510250462,-0.046467243732893265,0.2223934231850984,-0.07516816025102965,0.4494832157042385,0.0026449756085795,0.05653277832496969,0.4479214386284334,0.0,0.642833500197207,0.24646649155857586,-0.3077881914654925,-0.8997830749197478,-1.0750753889481195,0.0,0.5357957095898715,0.643320125593564,0.5298228536769127,0.6201603750434623,0.1526001488465606,1.5102189625454394,-0.4369690795774651,0.842473493923815
EGLD,0.6167111875183912,0.5623840548103232,-0.31317488716106534,0.0071799912840014414,-0.2856911275598506,0.09250846283458716,-0.0,0.42235777539667846,0.36059367903721384,-0.6130427628521775,0.906568148715815,0.32138109957298144,0.1491393808759954,-0.17093882759186235,0.15420182010369454,0.0,-0.13379924421006753,0.6816789066383604,-0.2452909457923186,0.4395498570511577,0.705390760076931,0.0,0.09616274566018071,0.07508778944063671,0.2445998140561316,-0.8111336616435093,0.10043842788416446,0.4692526307240369,0.1497771418275905,0.31900823309660886,-0.05140792838150321,-0.33130043042660545,0.4215611281299778,0.07666358489752984,0.6833174457535514,-0.5656054390217116,0.7369053213978611,0.0,0.41947397824088706,0.7825555280968904,-0.12393099907967339,0.11169824029611292,0.4053707032496472,0.2788685203412046,-0.11113357633283544,-0.3923973785060637,-0.35582922662317307,-0.08152917641831908,-0.1186868186967851,-0.21822808140404715,-0.15656962945383857,-0.4200520117244838,0.40225159093810314,0.5016062769733717,0.11346200037415491,0.1907629929688271,0.27480841831270847,0.0,0.05859854119179764,0.35994217573317894,0.5055771243935699,-0.14226268092854225,-0.06827123772155567,0.0,0.7332634277253746,0.14490780727690653,-0.014083609498725697,-0.3166630917209715,0.41904791892011795,0.7065623244033644,-0.15307784886316864,0.36124559990808286
HBAR,-0.22920730244889181,0.6532115219041601,0.44585761811419233,0.670884926378734,0.17661572621236057,0.8021217806155397,-0.0,0.5373394901349423,0.15365179904208034,0.06453400754964425,0.166394377131527,0.35920294275093023,0.8524838880890163,0.8918672044630431,1.0408174654153415,0.13379924421006753,0.0,0.42422256577066564,0.8363415573021302,0.705833360474565,0.26329955694587415,0.0,0.5224642258124718,0.855813160065541,0.5601881816980835,0.028160685183978754,0.24372312921600825,0.4710687597147082,0.7561387804113515,0.24000792541513682,0.6382073903739234,-0.17328672084525046,0.9213961241782107,0.5758397720913763,-0.8727793566637047,0.3104502211206013,0.360619511814368,0.0,-0.627186706631211,0.443860061638174,0.368422333337044,0.8337834697391365,0.3231551423333334,0.08127596507071233,0.6836309789094364,0.4933221892688633,0.48387841279481925,0.4892878754127586,-0.009432167035977213,0.30772403151157085,-0.44699009924751043,0.7048770670889883,0.7290335862283184,0.7923229269029114,0.6289335682585422,0.43391379598805174,0.8090673552417897,0.0,0.644513700942984,0.8115467353612568,-0.20848858038492998,0.9269991601069556,0.17031947434374184,0.0,-0.7249820175107166,0.48808192761356006,0.7940685731626633,-0.11641272728470894,0.934639689511067,0.05882319529790376,0.756070486182537,0.8471808926482782
ZIL,0.34147197645204347,0.18801903966066824,-0.42931259840747593,-0.3859851117809395,-0.3481222415192577,-0.5264746583942435,-0.0,-0.3728445492821871,0.1336900006425013,-0.5187657509729506,1.0587512614657542,-0.3819630714499392,0.14991844263766158,-0.5980169785983132,-0.5039873620752287,-0.6816789066383604,-0.42422256577066564,0.0,-0.8838937172605964,0.18983016206893427,1.0722962159041578,0.0,-0.17406122119971051,-0.4505461007569834,0.005989816112155086,-0.8244626109638759,-0.1668034368419726,-0.007526922120940971,-0.3112713111577606,0.013426204628926464,-0.7951457748612685,-0.021246012144801877,0.11250680371356622,0.24285814824391755,0.6722525362747186,-0.5774583500132038,1.025892468961118,0.0,0.5641238601804555,0.7551592076213148,-0.17054872800097765,-0.41710295299560346,-0.42101571067995014,0.26138464861163246,-0.17788412632090306,-0.5110806357267246,-0.7868589177831303,-0.6443312540321402,-0.016605589896137696,-0.38818073057867,-0.24560243991908073,-0.5334302260833759,-0.14504283133478407,0.18108663057235194,-0.4065918901583177,-0.34450188098979617,0.10162452095353026,0.0,-0.04280551867534978,-0.15781202940224787,0.051372182175430936,-0.8715799532326933,-0.5962072467091071,0.0,0.7676107184180612,0.10424041910518787,-0.3309898639277722,-0.20622483117868598,-0.2825784942527982,0.8538284561592882,-0.6768943228732573,0.04382443901870393
ALGO,1.0287537131950848,0.95548375199074,0.0594756132050049,-0.4003921969461722,0.16796509001062063,0.21804425994772192,-0.0,0.5400146006108393,0.39473168675654774,-0.5064156581125707,1.415366994290769,0.617296693285431,0.6166799467282278,-0.7750095246878597,0.2180586596597411,0.2452909457923186,-0.8363415573021302,0.8838937172605964,0.0,0.4344706837031991,1.2847627168183648,0.0,0.5956215815391774,0.446002584528202,0.8899057283948009,-0.5947101191991664,0.03555751384923295,0.16293978078889265,0.6576598128879863,0.658880217662694,0.1856305748161392,-0.7432446971020645,0.9211600789231122,0.7627418098389058,0.5519313996371812,-0.16494339078851294,1.268277550334736,0.0,0.22806926629564367,1.3466067914739763,0.15312801979857055,0.3922887105570917,0.6744721106781008,0.2420696784018089,0.2752717482582464,0.12123080848802778,-0.6021326902668902,-0.02600430422072067,0.27225925868284767,0.17837767534490712,0.18341239907568802,0.0306113330052335,0.21383622042362962,0.4133289891683858,0.4887404469292097,0.537711659649557,0.7017911608066005,0.0,0.5912626499101526,0.5633031235172334,0.3132058236910121,-0.6987020601654661,-0.7479159688707799,0.0,0.7049197169086521,0.5059301984533174,0.5663756787761316,0.15131191071285421,0.40838701968135427,1.552412550585459,-0.058040207874208875,0.9543599270493708
DENT,-0.3280924955711344,-0.16656452705282732,-0.5952433364151353,-0.6131831812847623,-0.22872868915773464,-0.7668513058117554,-0.0,-0.3767150994320545,0.4781838925812106,-0.790835537913394,1.3313767792037083,-0.3886285954534181,0.3697385213279263,-0.5732823463878887,-0.41022766239724795,-0.4395498570511577,-0.705833360474565,-0.18983016206893427,-0.4344706837031991,0.0,1.5119138281040385,0.0,0.2981842032959809,-0.5385974412529717,0.613376419045383,-0.12795321034484144,-0.7789026111464156,-0.718235959357516,0.1061259383509979,-0.5246855339642562,-0.7910366568848177,0.15431951037769678,0.19915769608143372,1.1337653462540518,-0.5661842746676898,0.7163350122458554,1.4738993463303462,0.0,-0.43414271457543097,0.7448036147338242,-0.40594426680909446,-0.5455919480944197,-0.6772210492006043,-0.48161707407904064,-0.40442772859601533,0.04422421898875015,-0.7060976974757496,-0.6910237099936702,-0.2352856902139092,-0.3791275297938655,-0.5466960441719158,0.0973998810411722,-0.3297762177110173,0.09428286494117644,-0.5851935086151109,-0.6383735100011088,-0.014415194526550157,0.0,0.10888513020658552,-0.5058230690623554,-1.1379588855292133,-0.7572978088211983,-0.9822497115306388,0.0,-0.13738724497552068,0.2245759966235741,0.09088114820154909,0.9808276447000479,-0.21935652538245815,0.8819810886596336,-0.992270031381181,0.3052820547883308
DASH,-0.6705808257478105,-1.439998899617874,-0.7835292880258465,-1.0674931090473387,-0.8118905357232187,-1.517833251174958,-0.0,-1.1338868915571012,-0.7994923907855171,-0.4877644652287112,-0.13100843743876606,-0.7730984404008263,-1.301987382233241,-1.1541009274893244,-1.6331567517206538,-0.705390760076931,-0.26329955694587415,-1.0722962159041578,-1.2847627168183648,-1.5119138281040385,0.0,0.0,-1.3683296597659198,-1.2768609348310127,-0.8686082291200201,-0.5365951488930378,-1.3035248785646023,-1.346238450352212,-1.294749038691558,-1.1748809784622067,-1.0642954804145712,-0.2809819535452969,-1.2805070003817758,-0.6031669482940822,-0.09186240463431927,-0.6073947361304878,-0.1496242999147086,0.0,-0.4554555747300191,-0.9289469777020446,-1.0433052559495446,-1.3032281523138742,-0.5827939955321191,-1.0228079515023085,-1.154874383071345,-1.044026330591536,-1.6562764604220441,-1.119552980840878,-1.0950175605816623,-0.9960172329666187,-0.011140767269397965,-1.1367422342211873,-0.8537405906033355,-1.3860107881312829,-0.6882615185155072,-1.0126987034762858,-0.5307723395567902,0.0,-1.3794276304766218,-1.527479686516154,-0.8158966620318494,-1.3876754588243219,-0.7851102905005954,0.0,-0.22443939259856474,-1.129955845951317,-1.2281296041219574,-0.2860222275246854,-1.3723347311141252,-0.012512678641500352,-1.3448708840983081,-1.1331684492811243
ALICE,-0.0,-0.0,-0.0,-0.0,-0.0,-0.0,-0.0,-0.0,-0.0,-0.0,-0.0,-0.0,-0.0,-0.0,-0.0,-0.0,-0.0,-0.0,-0.0,-0.0,-0.0,0.0,0.0,0.0,0.0,0.0,0.0,0.0,0.0,0.0,0.0,0.0,0.0,0.0,0.0,0.0,0.0,0.0,0.0,0.0,0.0,0.0,0.0,0.0,0.0,0.0,0.0,0.0,0.0,0.0,0.0,0.0,0.0,0.0,0.0,0.0,0.0,0.0,0.0,0.0,0.0,0.0,0.0,0.0,0.0,0.0,0.0,0.0,0.0,0.0,0.0,0.0
IOTA,0.3703967760320007,-0.0313689956067936,-0.6154586163223799,-0.6553327373170876,-0.38736315413921174,-0.8514135160837157,-0.0,0.01993855317182349,0.7318773363686479,-0.9474580584932761,1.5247649841727389,-0.20458308700844025,-0.07973602154357111,-1.2013316757067791,-0.7005017840310155,-0.09616274566018071,-0.5224642258124718,0.17406122119971051,-0.5956215815391774,-0.2981842032959809,1.3683296597659198,-0.0,0.0,-0.6040643402397037,0.40882097914600835,-0.4313052295837262,-0.8285034541020367,-0.5201029822454714,-0.1012472799474739,-0.30330592912270926,-0.6702766405515377,-0.4272436925999178,0.028581048977967802,0.646873674377161,0.30344383950019616,0.08547890029003083,1.2222540119010208,0.0,-0.014904463658494412,0.904989557864779,-0.5471678011597256,-0.3972053402525969,-0.18293072010283493,-0.44426180147721817,-0.5695856113959132,-0.3303696487705101,-0.9322422250481133,-0.8152956536425056,-0.2558302314302238,-0.25324205054800597,-0.1158844757921019,-0.5343810486555552,0.005325567919321886,-0.14562224361548978,-0.22615332871457733,-0.34804349425019143,-0.06460518791042769,0.0,-0.16254097946971635,-0.40416214881914,-0.3264463019982698,-1.0337056036547219,-0.8915183893768718,0.0,0.39209313965425774,-0.2600200974089312,-0.20175300508788765,0.5950600552594597,-0.15504243338007723,1.077343758952554,-1.085484556044471,0.12935953087092286
LINK,0.7231925513280248,0.5775735130659799,-0.21385930398287514,-0.6643640958844566,0.2885873056214499,-0.1113476965415479,-0.0,-0.11529741242338792,0.03998809941068193,-0.4048244313419685,1.2146214920024623,0.3767481299384404,0.5304466216483728,-0.7284950833243005,-0.10036985473530212,-0.07508778944063671,-0.855813160065541,0.4505461007569834,-0.446002584528202,0.5385974412529717,1.2768609348310127,-0.0,0.6040643402397037,0.0,0.7687431832691456,-0.4866491477328385,0.1873372923087166,-0.015538107770823956,0.40671425999122823,0.544065407665474,-0.2682079961835321,0.030353914685571803,0.6006034458286144,0.8125265060259105,0.6970395421116451,0.06557005564547833,1.3262771769725472,0.0,0.5934885700122631,1.029790480768128,0.2039190615359246,-0.2731863990638751,0.1721330058311898,0.4790310458858228,0.030861613974731666,0.12616539080050293,-0.6000522312088782,-0.04696119795416817,0.4442005504753578,-0.15036351049510432,0.04529161907068944,0.050633569157712194,-0.5703772069500123,0.20912427683120183,-0.26759286195666326,0.14667607734107635,0.2835722121098689,0.0,0.5336895194858521,0.05028817564583597,0.0436560596968332,-1.0235939872374922,-0.707162592481006,0.0,1.059690327548859,0.7860154082304182,0.3097243201722987,0.47786513048065826,-0.20105677314408915,1.444098326648409,-0.38656729176169996,0.6581994844629974
XTZ,0.3392801969031668,-0.35114094537374074,-0.7505954702320699,-0.9060406495405704,-0.570478238732776,-0.9474841145471793,-0.0,-0.22527802276408238,0.20014738192465503,-0.8533043605134543,1.0031771774564946,-0.19357980675731606,-0.5466873017658352,-1.2258003942517348,-0.9469154014285638,-0.2445998140561316,-0.5601881816980835,-0.005989816112155086,-0.8899057283948009,-0.613376419045383,0.8686082291200201,-0.0,-0.40882097914600835,-0.7687431832691456,0.0,-0.6442921346278722,-0.8237562095395665,-0.6829904554134787,-0.4540289705662846,-0.43976968485858237,-0.7496735863821246,-0.47237262228784144,-0.3764441318160733,0.08243188766179033,0.5237582384166675,-0.36527595537228785,0.754981794131984,0.0,0.07261515006600396,0.35490005519249246,-0.7621158337035183,-0.7076997516419746,-0.10122072155220745,-0.5307915603584973,-0.8306032222665283,-0.6927578448279105,-1.2562223948630504,-0.851414192692397,-0.5491294881921964,-0.5783224446548516,0.10960712321135557,-0.8144866565887137,-0.3116305175244126,-0.44420393150049886,-0.38127575246874545,-0.48405294330926313,-0.2854952726226292,0.0,-0.6043618653105822,-0.6674292330288278,-0.2529405467948728,-1.2108751568357552,-0.8514573721456038,0.0,0.5557958734838666,-0.45604296527962507,-0.5596558094446876,0.18096202171259992,-0.5110372035717045,0.8249645509788334,-1.1173865546257675,-0.2678545002408218
LRC,0.6275528021201049,0.5955371292196298,0.15868383197915184,0.20727726164847987,0.08590159686353599,0.3084714380658096,-0.0,0.9805339802770365,0.7700580030168633,-0.4044147240984292,0.8523156643271903,0.6254898663913236,0.24302802401446819,-0.3303561641778861,0.3973849813382152,0.8111336616435093,-0.028160685183978754,0.8244626109638759,0.5947101191991664,0.12795321034484144,0.5365951488930378,-0.0,0.4313052295837262,0.4866491477328385,0.6442921346278722,0.0,-0.1473448982826872,0.2880728477709509,0.614791807681055,0.2791744067330531,0.6346959502193714,-0.7795531052736758,0.6126857736630381,0.4383154916149659,0.062415510975607366,0.22289832338603333,0.48262642576968084,0.0,-0.2479584878522294,0.8230532220009819,-0.020758585008488012,0.6929957905280013,0.8610898582713218,-0.18810209573669567,0.10262003229073044,0.22400547553265235,0.08998083453867795,0.17604199104584636,-0.007582192323989587,0.4482109667843531,0.15635712072972255,0.014458784582656481,0.7674458845606099,0.2677713982031059,0.8038647771384252,0.6232613550525594,0.426106746237391,0.0,0.29668693062363616,0.5737338060401213,0.38788557044064126,0.23606304233315145,-0.05875418335785648,0.0,-0.030810489919404813,-0.11612523321877255,0.48627477465379704,0.28135753927806495,0.7678968450013828,0.6725725293636734,0.15983646358110215,0.6766238585091903
ONE,-0.10730943266059192,0.2866760694118755,-0.3722320813774973,-0.03794068605029233,0.18246894232827052,-0.1935102085620012,-0.0,-0.04981815686994945,0.7323377240790019,-0.5029968278910899,1.2104432985133482,-0.07169973232244067,0.7690235121244611,0.05788257606611744,0.1923830589994444,-0.10043842788416446,-0.24372312921600825,0.1668034368419726,-0.03555751384923295,0.7789026111464156,1.3035248785646023,-0.0,0.8285034541020367,-0.1873372923087166,0.8237562095395665,0.1473448982826872,0.0,0.03872318521724222,0.4936634951374129,-0.012527920751656485,-0.3987566123685675,0.6933319437079121,0.5471329517153408,1.2331923495138988,-0.20851200445389848,0.9768071867305479,1.360613455345442,0.0,0.12869143882501805,0.9424675495131832,0.10578000934696073,-0.23049905056975867,-0.48070999987343555,0.2050348334989082,-0.061077576326151975,0.4342781673351691,0.2262301548494182,-0.07699696418467172,0.3437068836736614,-0.055398048530867175,-0.6070549065905289,0.42603113077951454,-0.1769465091172414,0.5868900822005807,-0.5685817459290992,-0.26282767025189024,-0.036394490712912314,0.0,0.6181244460715831,-0.023702406890462255,-0.5636967264582459,-0.08053109843499617,-0.25624532745052675,0.0,0.26654832134133577,0.7235085324629753,0.3957546831542852,1.1365121727694916,0.18087384782003094,0.6757887301103562,-0.4725909838037539,0.5813507618869529
SXP,-0.3037105000183493,0.32099445198695686,-0.19282444588694742,-0.045810768915173924,0.0983381840188838,-0.10276272612286133,-0.0,-0.3124629173806629,0.12942058856340966,-0.39852233027533607,1.0704166852037114,-0.10134867039840796,0.8685684183389726,0.1828366320230247,0.22605483306537788,-0.4692526307240369,-0.4710687597147082,0.007526922120940971,-0.16293978078889265,0.718235959357516,1.346238450352212,-0.0,0.5201029822454714,0.015538107770823956,0.6829904554134787,-0.2880728477709509,-0.03872318521724222,0.0,0.39230309346374487,-0.009518220216511719,-0.3810465925792087,0.44796803551927317,0.6972947759482955,1.128843945602589,-0.46090580090010186,0.501104347397608,1.4299069987898256,0.0,-0.11999556964592673,0.8382952462811539,0.18364052119004626,-0.15978224355470755,-0.43045724726328394,0.21867931514882932,0.18617565913440026,0.27467323743227023,-0.21278025790709937,-0.10636584204647123,0.11656877709710953,-0.22471569244088813,-0.7644821446696788,0.3979422704061214,-0.19441526552165256,0.5546614365774776,-0.3715896355872476,-0.21675705033021053,0.47201394379499284,0.0,0.5646425946086793,0.04210053901479982,-0.6965548352864751,-0.22220279210326654,-0.46895867116824747,0.0,0.01486439158216285,0.7494670077185567,0.40387407558849464,0.5059861632530961,0.09678101549331045,0.8403602358429977,-0.2890825692247045,0.6874280312552739
KAVA,0.6208311259524504,0.18799655985130398,-0.5159906366593463,-0.791152597895463,-0.24414978352217123,-0.6060922491905789,-0.0,-0.030849456292484458,0.3941774888146412,-0.7901078519300895,1.3961437935591796,0.02527353643320726,0.024947607734982516,-1.1453105561404593,-0.5638046108464752,-0.1497771418275905,-0.7561387804113515,0.3112713111577606,-0.6576598128879863,-0.1061259383509979,1.294749038691558,-0.0,0.1012472799474739,-0.40671425999122823,0.4540289705662846,-0.614791807681055,-0.4936634951374129,-0.39230309346374487,0.0,0.006284547620355935,-0.5661742669794603,-0.4175721772018869,0.17012812215604858,0.55107489380132,0.5881566141815446,-0.1548537506616746,1.2143835769317874,0.0,0.24952840442020102,0.917642940003442,-0.3732929060334033,-0.39075576730877215,0.011357800611647428,-0.15196936764152547,-0.41255516235296447,-0.32180711205162205,-1.0158020888344157,-0.6159289837819308,-0.10180840849468636,-0.3005702022397094,0.05455839607996052,-0.44588095735444816,-0.22060491837695784,-0.0548558279232694,-0.21976967330970576,-0.18222672857660707,0.05219417626616071,0.0,-0.03368917781631506,-0.2514033177694306,-0.1252497655391757,-1.1696109063223532,-0.9251114087705252,0.0,0.7460536339694979,0.05318911372406698,-0.1032866561792643,0.3761789929226387,-0.2226296002343646,1.2630575372468418,-0.8623319531625343,0.2521562629573149
AXS,0.044064053736361186,0.008160317704802675,-0.5519226493959222,-0.28476566881084664,0.03721853873327105,-0.5290078667543404,-0.0,-0.47055581684865777,0.23792823495573773,-0.4781184230536821,1.1146122283577378,-0.14905520383623228,0.28651533377793986,-0.35341005017732896,-0.33598129953817013,-0.31900823309660886,-0.24000792541513682,-0.013426204628926464,-0.658880217662694,0.5246855339642562,1.1748809784622067,-0.0,0.30330592912270926,-0.544065407665474,0.43976968485858237,-0.2791744067330531,0.012527920751656485,0.009518220216511719,-0.006284547620355935,0.0,-0.7006117264816014,0.7384037069855276,0.16708190103935994,0.7570126000175722,0.47104587712965235,0.3375984036648234,1.2115808139853483,0.0,0.6009294267281814,0.6457109955542899,-0.007852547891294692,-0.6880241571286174,-0.4873675085438665,0.36966138830534845,-0.32802019726158477,-0.044589428753175064,-0.313096976910337,-0.22408973779133534,0.17358809455172067,-0.4155204246761721,-0.46062670492619695,-0.130410427170851,-0.6167168907895182,0.14722181278735086,-0.8382820286052675,-0.3652796305579506,-0.14243984488319977,0.0,0.17883755704339635,-0.4084071218588861,-0.24147919787741617,-0.6959559608912689,-0.2578135937593562,0.0,0.8421170696451081,0.5229692617133419,-0.12185268780112593,0.6893719689346812,-0.3500521535873721,0.7992662863749318,-0.7488679081207166,0.1980874741754862
ADA,0.8291892608659792,0.855574422980065,-0.18582522244026506,-0.3290083683560873,0.1736316556808406,0.26427952121273246,-0.0,0.288629559669226,0.20807881561259506,-0.4673162381676343,1.1042143140622875,0.5794313056807309,0.5958248014657805,-0.2968487403591482,0.31743460980916527,0.05140792838150321,-0.6382073903739234,0.7951457748612685,-0.1856305748161392,0.7910366568848177,1.0642954804145712,-0.0,0.6702766405515377,0.2682079961835321,0.7496735863821246,-0.6346959502193714,0.3987566123685675,0.3810465925792087,0.5661742669794603,0.7006117264816014,0.0,-0.08902999308242271,0.7777316198113589,0.6005299703902625,0.7275297814435914,-0.1432825852334575,1.1643719301822182,0.0,0.5990415438435659,1.0855474541612669,0.21562064745695728,0.050917987741914805,0.4328208062180178,0.5793067722047759,0.1277708847146712,0.05513094435075977,-0.32195843453845335,0.16074587158788642,0.3623518973188516,-0.11102927886270086,-0.02632520717679987,0.06033474322876261,-0.11304405625871548,0.5965261822072095,-0.03885913383509029,0.33767270032246977,0.3791820795444958,0.0,0.5759619091222019,0.43519512676282235,0.33566700150054984,-0.49144552551413045,-0.3740384408683133,0.0,1.0478937888772024,0.8128938461575188,0.407311490660118,0.1735509043570124,0.2724745021059788,1.2215877312933352,-0.06875253877973025,0.7695172076800375
SOL,-0.6572378108845033,-0.2376955265791576,-0.19223620424847893,0.2506380491813074,-0.21590732360427853,-0.09229144499010322,-0.0,0.5157624750419897,1.0533127929033097,-0.40228597808457245,0.3664096248508746,-0.1886877864079183,0.1976896592590457,0.38737366473748724,0.34925953682157734,0.33130043042660545,0.17328672084525046,0.021246012144801877,0.7432446971020645,-0.15431951037769678,0.2809819535452969,-0.0,0.4272436925999178,-0.030353914685571803,0.47237262228784144,0.7795531052736758,-0.6933319437079121,-0.44796803551927317,0.4175721772018869,-0.7384037069855276,0.08902999308242271,0.0,0.07519503831711855,0.7295505178774244,-1.3337525830564085,1.2339348450710625,0.2340354459227944,0.0,-1.1108351324702932,0.1336420819103919,-0.47180381369355906,0.26511384570554924,-0.3156905995875859,-0.9487489604349515,-0.24490027655245436,0.4190832275093591,0.48637316883620196,-0.17667545132751752,-0.4221704312903084,0.19593219973000642,-0.4012406978691805,0.5349481118147924,0.6366233969141463,0.3305285699802019,0.0739587961574992,-0.3375361350701451,-0.2462080515627683,0.0,0.037097358445565706,-0.014701419187944015,-0.9928334591628276,0.8334874072411894,-0.05358687196543463,0.0,-1.1905017138038625,-0.22557234197509513,0.38158401757995336,1.0490951819840266,0.65641717365046,-0.46778338629890626,-0.18496244399786682,0.1711644995563692
ONT,0.2153123794612032,-0.16665516951850942,-0.5850265592319009,-1.0388928110088216,-0.15052355107573295,-0.8315627214788444,-0.0,-0.6064567534184131,-0.18891230338084014,-0.6616336380827331,1.1409973073346105,-0.08576835371608987,-0.03503914294634547,-1.1424086488580705,-0.7950499810507002,-0.4215611281299778,-0.9213961241782107,-0.11250680371356622,-0.9211600789231122,-0.19915769608143372,1.2805070003817758,-0.0,-0.028581048977967802,-0.6006034458286144,0.3764441318160733,-0.6126857736630381,-0.5471329517153408,-0.6972947759482955,-0.17012812215604858,-0.16708190103935994,-0.7777316198113589,-0.07519503831711855,0.0,0.6202244501132208,0.3582309916121167,-0.04293712025378725,1.2489681333354015,0.0,0.1530624297416629,0.554067298777157,-0.3414921339558121,-0.8202305738073121,-0.2282371189797086,-0.16158717243174672,-0.5030873956199062,-0.30075564693518453,-1.2650140014085829,-0.6135001751959746,-0.16864463893500187,-0.5861495292832719,-0.07973431401317141,-0.37527906972020386,-0.8367450535382968,-0.3741855699966776,-0.582562784263785,-0.4126158386758374,0.029206383944727854,0.0,-0.12205441260545699,-0.666525025149471,-0.5416395546551204,-1.5018349260231842,-1.062388787577063,0.0,0.6701906750553671,0.1984702948611964,-0.21643666286096308,0.44746424302055104,-0.7223874848929606,1.2785261111014203,-1.0194657176928337,0.12467462144771699
ETC,0.014100157620686574,-0.7484196925633245,-0.6897885859365814,-1.077234907891074,-0.5991055493937862,-1.1246740480477915,-0.0,-0.31261992215159695,-0.06086725239908901,-0.8046602451382932,0.6968101959927443,-0.15579846423597846,-0.8594054944577478,-1.4210804238907722,-1.1433344324207924,-0.07666358489752984,-0.5758397720913763,-0.24285814824391755,-0.7627418098389058,-1.1337653462540518,0.6031669482940822,-0.0,-0.646873674377161,-0.8125265060259105,-0.08243188766179033,-0.4383154916149659,-1.2331923495138988,-1.128843945602589,-0.55107489380132,-0.7570126000175722,-0.6005299703902625,-0.7295505178774244,-0.6202244501132208,0.0,0.03674349011439215,-0.2015795635502019,0.44939930183708116,0.0,-0.498923311060447,-0.06742936709961123,-0.9631067748686806,-0.7726673470631218,0.03946723879977201,-1.0198304704297736,-0.9885942309791962,-0.672569382945316,-1.49546280621089,-0.8866875451207319,-0.8686762627250798,-0.619029884210425,0.19261098677900604,-0.8237536188109895,-0.42306206377831246,-0.9422771909923866,-0.21474839288456976,-0.5265382505489123,-0.26211716927552975,0.0,-0.8766732449198933,-0.9697400689146463,-0.6078835707261216,-1.3074502907414005,-0.9734211078351102,0.0,0.003009820519488865,-0.7969489993721706,-0.6100807340483183,0.2507816599647405,-0.6979089499876443,0.6750096491808845,-1.1810313401354762,-0.4188204359813143
MANA,-0.8968408536691371,-0.5103765248290276,-0.46577299894872093,0.644119484345309,-0.2366274816527501,-0.45330518010500837,-0.0,-0.7412879857191262,0.0033044273848903422,-0.05626728525029279,-0.0702548277713144,-0.7597950747627683,0.018823967691265042,0.8131829954056218,-0.19909087262950245,-0.6833174457535514,0.8727793566637047,-0.6722525362747186,-0.5519313996371812,0.5661842746676898,0.09186240463431927,-0.0,-0.30344383950019616,-0.6970395421116451,-0.5237582384166675,-0.062415510975607366,0.20851200445389848,0.46090580090010186,-0.5881566141815446,-0.47104587712965235,-0.7275297814435914,1.3337525830564085,-0.3582309916121167,-0.03674349011439215,0.0,0.11682610710808086,0.16722959836499654,0.0,0.49553142531224964,-0.2746185039497433,0.036953749440315264,-0.6659423695453374,-1.0084939422511041,0.47532353524167725,-0.29033836715150757,-0.2727603851199083,0.5183541701173541,-0.13937455338309296,-0.03144086101352689,-0.4723134532138871,-0.9493428379262637,-0.27705416940552535,-0.21851753537362206,0.2170123191354475,-0.9839940566069714,-0.692006275606631,-0.4377319263793858,0.0,-0.19853327030512635,-0.4722707512831827,-0.15716157019541782,0.4597058724776544,0.7452763886634909,0.0,0.12824118707498353,0.037819250751480876,-0.6064455191390438,0.015395715539897548,-0.30532485420070177,-0.6647146679079101,-0.4090330509635776,-0.49278299767240374
SNX,0.4759442872741957,0.04953100833738632,-0.31139796468810876,-0.4074191807503478,-0.49063287512917053,-0.34832659741429656,-0.0,0.8152050897849972,0.8487488347979909,-0.8698150922612,0.9868895246954483,0.28308727466904743,-0.37441294678544923,-0.9576059846156945,-0.25571313833054116,0.5656054390217116,-0.3104502211206013,0.5774583500132038,0.16494339078851294,-0.7163350122458554,0.6073947361304878,-0.0,-0.08547890029003083,-0.06557005564547833,0.36527595537228785,-0.22289832338603333,-0.9768071867305479,-0.501104347397608,0.1548537506616746,-0.3375984036648234,0.1432825852334575,-1.2339348450710625,0.04293712025378725,0.2015795635502019,-0.11682610710808086,0.0,0.4447361660301876,0.0,-0.6927280934058836,0.571970096171033,-0.7519983261877603,0.2709885087110841,0.6157730896772003,-0.9768850701071299,-0.5112603698543269,-0.29239834750802624,-0.7286826796715599,-0.5132997461825265,-0.6506085518638606,0.046396440933388905,0.24428595280506915,-0.4534634461417592,0.7198729827406452,-0.1724272312813477,0.6189168824331557,0.10148979062875725,0.09201216746973204,0.0,-0.37117504651166144,0.009495051788628812,-0.11240670731493561,-0.31445989910589456,-0.6210568359545445,0.0,-0.27995930514762407,-0.7305483529249246,0.026729094357279798,0.2793205960457087,0.45001371136271384,0.6205865985220538,-0.5159684837530542,0.18465465144592022
ZEC,-0.6627743999866639,-1.3999308480610777,-0.8838953592745021,-1.1459734010222826,-0.8439453211380386,-1.548977066940369,-0.0,-1.0835027168621596,-0.5905069307850848,-0.6058965604039105,0.020012916976697437,-0.8235476680512992,-1.2166081217937847,-1.1554923684294052,-1.6015784346974347,-0.7369053213978611,-0.360619511814368,-1.025892468961118,-1.268277550334736,-1.4738993463303462,0.1496242999147086,-0.0,-1.2222540119010208,-1.3262771769725472,-0.754981794131984,-0.48262642576968084,-1.360613455345442,-1.4299069987898256,-1.2143835769317874,-1.2115808139853483,-1.1643719301822182,-0.2340354459227944,-1.2489681333354015,-0.44939930183708116,-0.16722959836499654,-0.4447361660301876,0.0,0.0,-0.490065197460002,-0.7998876339170633,-1.1019917075836299,-1.3242227408810237,-0.7085901172926895,-1.0880179995660328,-1.1988213939127015,-0.9905781802896922,-1.6235956199041623,-1.199959193645034,-1.0611924700032582,-0.9968511852538602,-0.051768652362763526,-1.0448974412919454,-0.828163031474118,-1.2541458936971475,-0.7887316160201981,-1.1091148280070442,-0.6263158707161797,0.0,-1.3094496598911243,-1.52128696349808,-0.9620637895125651,-1.3815784811937797,-0.89195601731725,0.0,-0.22693719505425436,-1.048658247928587,-1.162862963980825,-0.07635538640747958,-1.3045745557782913,0.010545868476515896,-1.440962602382839,-1.094642329363022
CFX,-0.0,-0.0,-0.0,-0.0,-0.0,-0.0,-0.0,-0.0,-0.0,-0.0,-0.0,-0.0,-0.0,-0.0,-0.0,-0.0,-0.0,-0.0,-0.0,-0.0,-0.0,-0.0,-0.0,-0.0,-0.0,-0.0,-0.0,-0.0,-0.0,-0.0,-0.0,-0.0,-0.0,-0.0,-0.0,-0.0,-0.0,0.0,0.0,0.0,0.0,0.0,0.0,0.0,0.0,0.0,0.0,0.0,0.0,0.0,0.0,0.0,0.0,0.0,0.0,0.0,0.0,0.0,0.0,0.0,0.0,0.0,0.0,0.0,0.0,0.0,0.0,0.0,0.0,0.0,0.0,0.0
YFI,-0.9450275707755951,-0.47323304265370775,-0.42826596828617847,0.4976453974641051,-0.14062343210423053,-0.49255787749070873,-0.0,-0.5140459243485302,0.35452072474139,-0.22323947099875058,0.3066577082820501,-0.6554866321936021,0.20721244933677668,0.6058868473698323,-0.1135540734047859,-0.41947397824088706,0.627186706631211,-0.5641238601804555,-0.22806926629564367,0.43414271457543097,0.4554555747300191,-0.0,0.014904463658494412,-0.5934885700122631,-0.07261515006600396,0.2479584878522294,-0.12869143882501805,0.11999556964592673,-0.24952840442020102,-0.6009294267281814,-0.5990415438435659,1.1108351324702932,-0.1530624297416629,0.498923311060447,-0.49553142531224964,0.6927280934058836,0.490065197460002,-0.0,0.0,-0.010022572538502264,-0.054291775809870935,-0.5055911260726181,-0.9424701551203546,0.07683779323746887,-0.2873943318745028,0.05067420013084751,0.4851576253286792,-0.19007051474838987,-0.06891935369808866,-0.287342232421054,-0.9461802252893698,0.024739202097408652,-0.10867288039627887,0.2121342253219955,-0.8044737650112423,-0.6560905866405667,-0.34159790043945804,0.0,-0.014760415990481404,-0.45808210235663316,-0.5888248072059831,0.43649101411557156,0.417078928218706,0.0,-0.2758228253467227,0.0614638030143449,-0.26655096353302016,0.5861114610360847,-0.12039754784157713,-0.4148502691282836,-0.5027967413815213,-0.1946152986768102
WAVES,-0.3012460079547409,-0.778608475148983,-0.6162913205074008,-0.8667402567880516,-0.49427784160839955,-1.3506600018392865,-0.0,-1.1010373001258298,-0.5913036180618643,-0.572092933332651,0.7445970536510302,-0.6404640266111845,-0.5679309901930107,-1.2706635930395618,-1.3932712014401694,-0.7825555280968904,-0.443860061638174,-0.7551592076213148,-1.3466067914739763,-0.7448036147338242,0.9289469777020446,-0.0,-0.904989557864779,-1.029790480768128,-0.35490005519249246,-0.8230532220009819,-0.9424675495131832,-0.8382952462811539,-0.917642940003442,-0.6457109955542899,-1.0855474541612669,-0.1336420819103919,-0.554067298777157,0.06742936709961123,0.2746185039497433,-0.571970096171033,0.7998876339170633,-0.0,0.010022572538502264,0.0,-0.5455272373270708,-1.0877158517389196,-0.5459027871606015,-0.3740316667827023,-0.7032684695117524,-0.7816064452170552,-1.579611884929684,-0.9931719202461078,-0.570596408550909,-0.7984900330743208,-0.284364597492874,-0.9950132441927622,-0.8034515013694465,-0.9573091231056298,-0.6173939408206156,-0.7090409260298844,0.01178546492220385,0.0,-0.7098181143778926,-1.1333674182751419,-0.5396259465219901,-1.6346651429892955,-0.9157589280423687,0.0,0.2822390948388243,-0.5469306755234157,-0.8608311688329595,-0.17945797258917287,-1.1631892108199107,0.8552078228542607,-1.2925120860109804,-0.47111203657561523
LTC,-0.03345168971648649,0.036945240223676463,-0.3633832278910101,-0.333955195633039,0.23028478443659597,-0.2767043459143756,-0.0,-0.17499207537761755,0.1945930050917529,-0.43671312015168445,0.9797288010913541,0.2726638708220088,0.33957681476702234,-0.31360932659130386,-0.04545788823570632,0.12393099907967339,-0.368422333337044,0.17054872800097765,-0.15312801979857055,0.40594426680909446,1.0433052559495446,-0.0,0.5471678011597256,-0.2039190615359246,0.7621158337035183,0.020758585008488012,-0.10578000934696073,-0.18364052119004626,0.3732929060334033,0.007852547891294692,-0.21562064745695728,0.47180381369355906,0.3414921339558121,0.9631067748686806,-0.036953749440315264,0.7519983261877603,1.1019917075836299,-0.0,0.054291775809870935,0.5455272373270708,0.0,-0.4347519224897246,-0.04333733575414793,0.06436757333265283,-0.25407488762923675,0.2827077622165746,-0.24572478143944435,0.07448442323392215,0.08018951003463656,-0.26402718797569646,-0.3499768265705994,0.2236254231624258,-0.5648852174704032,0.042552658287870415,-0.486054266170589,-0.11277400948226113,0.04991602023975464,0.0,0.2944718106585463,-0.31037353601658657,-0.4884071532030392,-0.5089103658840328,-0.2968541062374768,0.0,0.3942812179111237,0.5841620766826684,0.251742679037271,0.9729923351769112,-0.13407625662353245,0.8306474489196121,-0.49562279048793195,0.46562407736990485
CHZ,0.7426664687569133,0.7200516126436642,0.13064005525360198,-0.4480601073029007,0.377780031631692,0.028017040393684967,-0.0,-0.14685902693224745,-0.2798819052206123,-0.21115105349567018,1.1960518460344285,0.4363117411933616,0.6526961809536863,-0.7673908667347025,-0.05106713948478407,-0.11169824029611292,-0.8337834697391365,0.41710295299560346,-0.3922887105570917,0.5455919480944197,1.3032281523138742,-0.0,0.3972053402525969,0.2731863990638751,0.7076997516419746,-0.6929957905280013,0.23049905056975867,0.15978224355470755,0.39075576730877215,0.6880241571286174,-0.050917987741914805,-0.26511384570554924,0.8202305738073121,0.7726673470631218,0.6659423695453374,-0.2709885087110841,1.3242227408810237,-0.0,0.5055911260726181,1.0877158517389196,0.4347519224897246,0.0,0.39933532818492695,0.6089882789791795,0.37077451071796275,0.1239108889290732,-0.7495348063110465,0.03548499824750939,0.4389524232964158,-0.01543357158002355,0.02223359084051367,-0.010313225857271128,-0.40770315758772735,0.10894105342819338,0.14059870946334158,0.4204230089243692,0.7989465425328498,0.0,0.6101892412310793,0.23729153302926273,0.24120995276669902,-1.0766187598696026,-0.7204873883482861,0.0,0.8915064171735388,0.7076843271375279,0.38285273005184184,0.0019818667481649455,-0.1645414962274653,1.6501865491212344,-0.12611667093536386,0.8391159392271691
XLM,0.5541458731400548,0.46325251441814586,-0.4779652819940405,-0.3137874308764726,-0.13828007352636834,0.013974138594313814,-0.0,-0.14469524696993685,-0.0917755616864721,-0.4125250026364643,0.577746870815457,0.1806696880633872,0.1745016510214571,-0.05995691998152253,0.0070178524600450765,-0.4053707032496472,-0.3231551423333334,0.42101571067995014,-0.6744721106781008,0.6772210492006043,0.5827939955321191,-0.0,0.18293072010283493,-0.1721330058311898,0.10122072155220745,-0.8610898582713218,0.48070999987343555,0.43045724726328394,-0.011357800611647428,0.4873675085438665,-0.4328208062180178,0.3156905995875859,0.2282371189797086,-0.03946723879977201,1.0084939422511041,-0.6157730896772003,0.7085901172926895,-0.0,0.9424701551203546,0.5459027871606015,0.04333733575414793,-0.39933532818492695,0.0,0.7140068722020689,-0.15839191409228137,-0.4109178457590035,-0.3555071454491415,-0.02490468460475991,0.20017828458888,-0.5011414219178757,-0.1536449028617317,-0.3262865464665152,-0.3306621181734112,0.48145872588706967,-0.5380923629808181,-0.06929849244883138,-0.0433755030527235,0.0,0.1336091210968058,0.09647184757728786,0.4343006038081915,-0.48048154022541,-0.07947538178979761,0.0,1.2659035639100908,0.6097435165470773,-0.16863378332974388,-0.26532868328209075,-0.08606684420430062,0.6347581009944587,-0.2600241567888998,0.1416902666292592
COTI,-0.6208763920141029,-0.2412171582234693,-0.5037854598401851,-0.08489142320088283,0.06120283316632391,-0.48116691954910246,-0.0,-0.4809013480733727,0.31525260989635306,-0.4214079512581903,0.8294813411868862,-0.27134437204694734,0.42410549765690575,0.14321869149835445,-0.08804890749760372,-0.2788685203412046,-0.08127596507071233,-0.26138464861163246,-0.2420696784018089,0.48161707407904064,1.0228079515023085,-0.0,0.44426180147721817,-0.4790310458858228,0.5307915603584973,0.18810209573669567,-0.2050348334989082,-0.21867931514882932,0.15196936764152547,-0.36966138830534845,-0.5793067722047759,0.9487489604349515,0.16158717243174672,1.0198304704297736,-0.47532353524167725,0.9768850701071299,1.0880179995660328,-0.0,-0.07683779323746887,0.3740316667827023,-0.06436757333265283,-0.6089882789791795,-0.7140068722020689,0.0,-0.3093402659551405,0.26537603084818645,0.03524210138133477,-0.13721318203908825,0.013530451715172406,-0.3638969457964736,-0.7726019863239288,0.2936519548801372,-0.5094833012329414,0.20108715531348864,-0.8521819190413731,-0.5426705305938833,-0.1789999415101563,0.0,0.2377003619413281,-0.4860781604018317,-0.8796830810627503,-0.15609528750500434,-0.15263944699316656,0.0,0.0074301163410742666,0.5138822101329236,0.08612147195830241,1.0621437678259655,-0.1884733147092036,0.3328039584351693,-0.6504322392073834,0.22743022545925373
DOT,0.3198793938150493,0.23930757827943036,-0.0923541543059305,-0.5554875399421486,0.48041440516933087,-0.21425439450973727,-0.0,-0.3033735689638801,-0.15364815016802044,-0.21067221829017455,1.020977537754578,0.39470134343028906,0.4595088817852597,-0.6836440564493187,-0.16120000142862814,0.11113357633283544,-0.6836309789094364,0.17788412632090306,-0.2752717482582464,0.40442772859601533,1.154874383071345,-0.0,0.5695856113959132,-0.030861613974731666,0.8306032222665283,-0.10262003229073044,0.061077576326151975,-0.18617565913440026,0.41255516235296447,0.32802019726158477,-0.1277708847146712,0.24490027655245436,0.5030873956199062,0.9885942309791962,0.29033836715150757,0.5112603698543269,1.1988213939127015,-0.0,0.2873943318745028,0.7032684695117524,0.25407488762923675,-0.37077451071796275,0.15839191409228137,0.3093402659551405,0.0,0.35907092606495705,-0.4887708117576889,0.11941616929447758,0.35514764108460845,-0.11592174158836777,-0.04434404399826367,0.2171269131188383,-0.8037182919595018,-0.13329646525823502,-0.2861678074204695,0.1374512037442882,0.3086700419158411,0.0,0.47786311174159013,-0.21454342967995504,-0.24818749225700526,-0.9618567710946058,-0.5711063347105098,0.0,0.6730027594386913,0.7185148153704612,0.3503855419313703,0.7848236851661086,-0.3738753991036966,1.3020552516761508,-0.37614506733804576,0.6348733174515984
OMG,0.5165708469553673,0.19987766808186969,-0.33984448975751713,-0.5092827465158598,-0.024832714607659456,-0.3247033424045498,-0.0,0.3206720306182438,0.5084387304485509,-0.6918102813559878,1.2244985499811045,0.40523777312295345,0.043340582701515556,-0.900146434061281,-0.21849367184412294,0.3923973785060637,-0.4933221892688633,0.5110806357267246,-0.12123080848802778,-0.04422421898875015,1.044026330591536,-0.0,0.3303696487705101,-0.12616539080050293,0.6927578448279105,-0.22400547553265235,-0.4342781673351691,-0.27467323743227023,0.32180711205162205,0.044589428753175064,-0.05513094435075977,-0.4190832275093591,0.30075564693518453,0.672569382945316,0.2727603851199083,0.29239834750802624,0.9905781802896922,-0.0,-0.05067420013084751,0.7816064452170552,-0.2827077622165746,-0.1239108889290732,0.4109178457590035,-0.26537603084818645,-0.35907092606495705,0.0,-0.6126661723331531,-0.19854266274402682,-0.12129749513278232,-0.0940570681937059,0.06464623358254729,-0.18037051056861148,-0.05840673196390609,-0.0827597817663645,0.05792820284332321,0.10666123790637103,0.1288966356392744,0.0,0.06995106516120214,-0.11957761779273866,-0.11120056146365451,-0.7047044412223933,-0.5702122529523742,0.0,0.4288779812539665,0.06654791128824204,0.16957821459374398,0.6668600517402439,0.07876148406181399,1.0804141673815328,-0.564726717028067,0.44335073670509273
SUSHI,0.3471254574310496,0.9454723968396573,0.1728396427165701,0.21897251469821308,0.23089351600155156,0.29626539933474433,-0.0,0.7551840336442255,1.000202834925627,-0.6189386480849735,1.7193243134959415,0.4171952644856556,1.1250720551386992,-0.20469181838635866,0.6548908792710122,0.35582922662317307,-0.48387841279481925,0.7868589177831303,0.6021326902668902,0.7060976974757496,1.6562764604220441,-0.0,0.9322422250481133,0.6000522312088782,1.2562223948630504,-0.08998083453867795,-0.2262301548494182,0.21278025790709937,1.0158020888344157,0.313096976910337,0.32195843453845335,-0.48637316883620196,1.2650140014085829,1.49546280621089,-0.5183541701173541,0.7286826796715599,1.6235956199041623,-0.0,-0.4851576253286792,1.579611884929684,0.24572478143944435,0.7495348063110465,0.3555071454491415,-0.03524210138133477,0.4887708117576889,0.6126661723331531,0.0,0.037730845997340445,0.2252202603276042,0.45031771787553143,-0.46885607598406576,0.5394694804897641,0.7563784123620245,0.7799172937611536,0.6204200682879841,0.4481886895549676,0.9285228389685158,0.0,0.9276421855507607,0.7162703126189491,-0.3050077664947709,0.06752066875051667,-0.5616661181561067,0.0,-0.2551225496429955,0.5515685971171294,0.9724635001769972,0.7386181812567212,0.9529386361131804,1.2898445229280902,0.02315363422135805,1.2985933753363585
FTM,0.3990627538098187,0.5614075292507029,-0.4073978748485931,-0.24031714834397325,0.02138252389757886,0.08523092105859077,-0.0,0.361582710571163,0.7221967299787112,-0.6337023905873133,1.1863925609182084,0.3165924368112816,0.5900474298621045,-0.05854116313398587,0.35919045462922516,0.08152917641831908,-0.4892878754127586,0.6443312540321402,0.02600430422072067,0.6910237099936702,1.119552980840878,-0.0,0.8152956536425056,0.04696119795416817,0.851414192692397,-0.17604199104584636,0.07699696418467172,0.10636584204647123,0.6159289837819308,0.22408973779133534,-0.16074587158788642,0.17667545132751752,0.6135001751959746,0.8866875451207319,0.13937455338309296,0.5132997461825265,1.199959193645034,-0.0,0.19007051474838987,0.9931719202461078,-0.07448442323392215,-0.03548499824750939,0.02490468460475991,0.13721318203908825,-0.11941616929447758,0.19854266274402682,-0.037730845997340445,0.0,0.15420982353712864,-0.12035987274103505,-0.2504419736780992,0.29362921183879315,0.02761247167913907,0.7245371422518613,-0.2815534962670265,-0.02716623645100094,0.01685214823018588,0.0,0.4821628079999638,0.25067596351051524,-0.22361897861320312,-0.11262509920089683,-0.33969736538204015,0.0,0.5599478170691152,0.7020568957355827,0.43841649596009147,0.7798708178965158,0.4323495500157317,0.8050043214161465,-0.2883285658272308,0.6473834339367023
BNB,-0.14470046966577202,-0.13593146735284437,-0.4039903447010541,-0.10129911691391422,0.07624743481468432,-0.57140698660607,-0.0,-0.19389577827648657,0.4361840388278097,-0.534350153989895,1.1253277040056795,-0.013784014228448549,0.15980865125777938,-0.49578248889808596,-0.31739252783328353,0.1186868186967851,0.009432167035977213,0.016605589896137696,-0.27225925868284767,0.2352856902139092,1.0950175605816623,-0.0,0.2558302314302238,-0.4442005504753578,0.5491294881921964,0.007582192323989587,-0.3437068836736614,-0.11656877709710953,0.10180840849468636,-0.17358809455172067,-0.3623518973188516,0.4221704312903084,0.16864463893500187,0.8686762627250798,0.03144086101352689,0.6506085518638606,1.0611924700032582,-0.0,0.06891935369808866,0.570596408550909,-0.08018951003463656,-0.4389524232964158,-0.20017828458888,-0.013530451715172406,-0.35514764108460845,0.12129749513278232,-0.2252202603276042,-0.15420982353712864,0.0,-0.20240484658824853,-0.4994264993235042,-0.12189027155314905,-0.3025253178848825,-0.13707847375161353,-0.4364668995469138,-0.19276007495085834,0.019801930100848263,0.0,0.11878202920285179,-0.4435744120711458,-0.3527873898613121,-0.5012831935223168,-0.16259679027252366,0.0,0.2683882501865152,0.16443744981016367,-0.010205296955907273,0.8868313373220771,-0.15310301897823883,0.7203450191384316,-0.721314625956405,0.2706610313461173
UNI,0.4718314802511028,0.4260493259338547,0.032892351990651124,-0.12977747140825358,0.27394120508933006,-0.06056345151268888,-0.0,0.04772359515333069,-0.044808509012186054,-0.3022552344938562,1.017129745384293,0.4552865208749244,0.34971355917421126,-0.5972504170716323,-0.05284209510250462,0.21822808140404715,-0.30772403151157085,0.38818073057867,-0.17837767534490712,0.3791275297938655,0.9960172329666187,-0.0,0.25324205054800597,0.15036351049510432,0.5783224446548516,-0.4482109667843531,0.055398048530867175,0.22471569244088813,0.3005702022397094,0.4155204246761721,0.11102927886270086,-0.19593219973000642,0.5861495292832719,0.619029884210425,0.4723134532138871,-0.046396440933388905,0.9968511852538602,-0.0,0.287342232421054,0.7984900330743208,0.26402718797569646,0.01543357158002355,0.5011414219178757,0.3638969457964736,0.11592174158836777,0.0940570681937059,-0.45031771787553143,0.12035987274103505,0.20240484658824853,0.0,-0.10820555435078343,-0.15621452534836922,-0.16430755564639282,-0.04339895173181574,0.1891884293731175,0.40198307956667734,0.5993977689382355,0.0,0.35686934307840296,0.09975872386533444,0.27046932772583776,-0.6463740318058744,-0.2852786537386178,0.0,0.58731164039921,0.3292579136723935,0.23029017475293065,0.14480791669755513,-0.021132434381910037,1.2177063666877546,-0.17513229021030266,0.6379715509852861
STX,0.4501686224987441,0.3027651868828766,-0.033879212994565526,0.36129109201982407,0.18959461629524288,0.11954130193146424,-0.0,0.09680026043318249,0.16661564354035993,0.037627594632663325,0.14105098179525408,0.13720000166364182,0.05995307930630056,0.0816525787850938,0.046467243732893265,0.15656962945383857,0.44699009924751043,0.24560243991908073,-0.18341239907568802,0.5466960441719158,0.011140767269397965,-0.0,0.1158844757921019,-0.04529161907068944,-0.10960712321135557,-0.15635712072972255,0.6070549065905289,0.7644821446696788,-0.05455839607996052,0.46062670492619695,0.02632520717679987,0.4012406978691805,0.07973431401317141,-0.19261098677900604,0.9493428379262637,-0.24428595280506915,0.051768652362763526,-0.0,0.9461802252893698,0.284364597492874,0.3499768265705994,-0.02223359084051367,0.1536449028617317,0.7726019863239288,0.04434404399826367,-0.06464623358254729,0.46885607598406576,0.2504419736780992,0.4994264993235042,0.10820555435078343,0.0,-0.2882514453565348,-0.003295072333150427,0.19909714360641506,-0.1489096329189191,0.25066903175361044,-0.13633615048144182,0.0,0.18372301972490962,0.19979023431302026,0.8697069154973224,0.10500179453798428,0.558513424181044,0.0,0.8814706757496422,0.16333587859892038,-0.1604700150455313,-0.11387979616596536,0.018739091752537684,0.12281252121341385,0.06267724694820972,-0.0011033001837507106
RUNE,0.7205646461832647,0.34877647668218975,-0.20399167635384918,-0.6552421216103584,0.0941595126093612,-0.2892699446788728,-0.0,0.40131394177732715,0.7125907378622454,-0.5892563112393479,1.325618623777285,0.33421960482946034,0.2023260970872453,-1.0717741883450835,-0.2223934231850984,0.4200520117244838,-0.7048770670889883,0.5334302260833759,-0.0306113330052335,-0.0973998810411722,1.1367422342211873,-0.0,0.5343810486555552,-0.050633569157712194,0.8144866565887137,-0.014458784582656481,-0.42603113077951454,-0.3979422704061214,0.44588095735444816,0.130410427170851,-0.06033474322876261,-0.5349481118147924,0.37527906972020386,0.8237536188109895,0.27705416940552535,0.4534634461417592,1.0448974412919454,-0.0,-0.024739202097408652,0.9950132441927622,-0.2236254231624258,0.010313225857271128,0.3262865464665152,-0.2936519548801372,-0.2171269131188383,0.18037051056861148,-0.5394694804897641,-0.29362921183879315,0.12189027155314905,0.15621452534836922,0.2882514453565348,0.0,-0.0394223068364246,-0.02416570288764064,0.14764755158298817,0.14230282576144604,0.07688856111614983,0.0,0.25813323520816445,0.003429710821683307,-0.13431578070341882,-0.7970609446547012,-0.8141512121661437,0.0,0.4212409897866057,0.12574700674801528,0.3345133371310789,0.8690446910443895,0.08902508933688567,1.1973569805444777,-0.5319653583144545,0.5276781687187706
THETA,0.4663543720215743,0.7259448683215017,0.5559347768324214,-0.13458247868043138,0.27052554993779865,0.2505546886630481,-0.0,-0.20054723321590653,-0.6296092979092887,0.15236034001148946,0.6496863615679696,0.1773087541536153,0.7030299833584457,-0.45573012727800416,0.07516816025102965,-0.40225159093810314,-0.7290335862283184,0.14504283133478407,-0.21383622042362962,0.3297762177110173,0.8537405906033355,-0.0,-0.005325567919321886,0.5703772069500123,0.3116305175244126,-0.7674458845606099,0.1769465091172414,0.19441526552165256,0.22060491837695784,0.6167168907895182,0.11304405625871548,-0.6366233969141463,0.8367450535382968,0.42306206377831246,0.21851753537362206,-0.7198729827406452,0.828163031474118,-0.0,0.10867288039627887,0.8034515013694465,0.5648852174704032,0.40770315758772735,0.3306621181734112,0.5094833012329414,0.8037182919595018,0.05840673196390609,-0.7563784123620245,-0.02761247167913907,0.3025253178848825,0.16430755564639282,0.003295072333150427,0.0394223068364246,0.0,0.0948354366713884,0.5997032060735875,0.4982520740209331,1.1887038706014819,0.0,0.5621391674559983,0.48239775111433714,0.2292536773332937,-0.7685229745387165,-0.7114351224740028,0.0,0.21364187084988884,0.4260906408609447,0.39517576843494917,-0.7531735891054845,-0.04193828306731151,1.2366555097040366,0.3040198924588315,0.757245270725664
HOT,0.10316226789169158,0.18169226700619173,-0.0717917993044824,-0.5385692602144043,-0.04578323769028232,-0.5496896827272874,-0.0,-0.3191580742339346,0.2978179943346353,-0.4061208909355113,1.2387523608090945,-0.4260101431099671,0.5237245356430107,-0.8608059502716774,-0.4494832157042385,-0.5016062769733717,-0.7923229269029114,-0.18108663057235194,-0.4133289891683858,-0.09428286494117644,1.3860107881312829,-0.0,0.14562224361548978,-0.20912427683120183,0.44420393150049886,-0.2677713982031059,-0.5868900822005807,-0.5546614365774776,0.0548558279232694,-0.14722181278735086,-0.5965261822072095,-0.3305285699802019,0.3741855699966776,0.9422771909923866,-0.2170123191354475,0.1724272312813477,1.2541458936971475,-0.0,-0.2121342253219955,0.9573091231056298,-0.042552658287870415,-0.10894105342819338,-0.48145872588706967,-0.20108715531348864,0.13329646525823502,0.0827597817663645,-0.7799172937611536,-0.7245371422518613,0.13707847375161353,0.04339895173181574,-0.19909714360641506,0.02416570288764064,-0.0948354366713884,0.0,-0.04696473261751449,-0.27291755590567435,0.39921389060724133,0.0,0.33322633733700624,-0.1384123276688246,-0.6202097311998783,-0.9702178798074665,-1.1310039768473992,0.0,-0.0703414687688353,0.12185121707680369,0.18137401936313505,0.3942452432133468,-0.2296880096977021,1.0889689931618831,-0.6285615163452637,0.4040749150915826
1INCH,0.7607438259254173,0.6287229957222898,0.08871048347836832,-0.40928986779961263,0.3735130712193622,0.19312008230879604,-0.0,-0.23421489993451605,-0.689856432607055,-0.025207626579127312,0.569355900184649,0.5677960145122167,0.3717435453695939,-0.4741302126302415,-0.0026449756085795,-0.11346200037415491,-0.6289335682585422,0.4065918901583177,-0.4887404469292097,0.5851935086151109,0.6882615185155072,-0.0,0.22615332871457733,0.26759286195666326,0.38127575246874545,-0.8038647771384252,0.5685817459290992,0.3715896355872476,0.21976967330970576,0.8382820286052675,0.03885913383509029,-0.0739587961574992,0.582562784263785,0.21474839288456976,0.9839940566069714,-0.6189168824331557,0.7887316160201981,-0.0,0.8044737650112423,0.6173939408206156,0.486054266170589,-0.14059870946334158,0.5380923629808181,0.8521819190413731,0.2861678074204695,-0.05792820284332321,-0.6204200682879841,0.2815534962670265,0.4364668995469138,-0.1891884293731175,0.1489096329189191,-0.14764755158298817,-0.5997032060735875,0.04696473261751449,0.0,0.47074995907176354,0.5946885010767425,0.0,0.4278540584070404,0.20666233729540134,0.5695494222903195,-0.9128820245531086,-0.33528909086723346,0.0,1.1727744149843482,0.7287294848376642,0.16893800033543754,-0.3748727416946509,-0.302909227632757,1.268112151288558,0.07003534371758258,0.5686558418382781
FET,0.40654607414146265,0.36413905003944724,-0.38897010836058665,-0.34407835467385406,0.08959365964716631,-0.13159820622077842,-0.0,-0.21115100458693617,-0.06106567245145472,-0.4453608002186843,0.9628885401201392,0.2839689575375597,0.33876329975717356,-0.2981367565754187,-0.05653277832496969,-0.1907629929688271,-0.43391379598805174,0.34450188098979617,-0.537711659649557,0.6383735100011088,1.0126987034762858,-0.0,0.34804349425019143,-0.14667607734107635,0.48405294330926313,-0.6232613550525594,0.26282767025189024,0.21675705033021053,0.18222672857660707,0.3652796305579506,-0.33767270032246977,0.3375361350701451,0.4126158386758374,0.5265382505489123,0.692006275606631,-0.10148979062875725,1.1091148280070442,-0.0,0.6560905866405667,0.7090409260298844,0.11277400948226113,-0.4204230089243692,0.06929849244883138,0.5426705305938833,-0.1374512037442882,-0.10666123790637103,-0.4481886895549676,0.02716623645100094,0.19276007495085834,-0.40198307956667734,-0.25066903175361044,-0.14230282576144604,-0.4982520740209331,0.27291755590567435,-0.47074995907176354,0.0,0.1666835069946036,0.0,0.2776406494839956,-0.05660842785511594,0.11104083708642853,-0.6709999663739852,-0.26177740822729445,0.0,1.0383177850297616,0.6681623282610121,0.04343295992819063,0.22465087053973218,-0.16462140224703303,1.0193673830670757,-0.3845948833622935,0.42169286879285905
KSM,0.17216695214197436,-0.15538599985858692,-0.32399100773004735,-0.9382164117004849,0.16659556544768495,-0.34740794268447217,-0.0,-0.6928793048055126,-0.818779536615112,-0.12600422517866222,0.30581447480388735,0.2648531247808659,-0.0784999095831097,-0.6105067456362163,-0.4479214386284334,-0.27480841831270847,-0.8090673552417897,-0.10162452095353026,-0.7017911608066005,0.014415194526550157,0.5307723395567902,-0.0,0.06460518791042769,-0.2835722121098689,0.2854952726226292,-0.426106746237391,0.036394490712912314,-0.47201394379499284,-0.05219417626616071,0.14243984488319977,-0.3791820795444958,0.2462080515627683,-0.029206383944727854,0.26211716927552975,0.4377319263793858,-0.09201216746973204,0.6263158707161797,-0.0,0.34159790043945804,-0.01178546492220385,-0.04991602023975464,-0.7989465425328498,0.0433755030527235,0.1789999415101563,-0.3086700419158411,-0.1288966356392744,-0.9285228389685158,-0.01685214823018588,-0.019801930100848263,-0.5993977689382355,0.13633615048144182,-0.07688856111614983,-1.1887038706014819,-0.39921389060724133,-0.5946885010767425,-0.1666835069946036,0.0,0.0,-0.060051222703455226,-0.55183000544353,-0.3133413474161013,-1.173634962805338,-0.6079469125119689,0.0,0.7984407304657561,0.5451688965112509,-0.10283819066535027,0.22012834890594413,-0.8086700263140558,0.8798393548144041,-0.4517116926718958,0.08898965196167696
SLP,-0.0,-0.0,-0.0,-0.0,-0.0,-0.0,-0.0,-0.0,-0.0,-0.0,-0.0,-0.0,-0.0,-0.0,-0.0,-0.0,-0.0,-0.0,-0.0,-0.0,-0.0,-0.0,-0.0,-0.0,-0.0,-0.0,-0.0,-0.0,-0.0,-0.0,-0.0,-0.0,-0.0,-0.0,-0.0,-0.0,-0.0,-0.0,-0.0,-0.0,-0.0,-0.0,-0.0,-0.0,-0.0,-0.0,-0.0,-0.0,-0.0,-0.0,-0.0,-0.0,-0.0,-0.0,-0.0,-0.0,-0.0,0.0,0.0,0.0,0.0,0.0,0.0,0.0,0.0,0.0,0.0,0.0,0.0,0.0,0.0,0.0
CRV,0.17679341942644716,-0.12143496505585864,-0.517553284798925,-0.7399961358092983,-0.04546400139070781,-0.7854524811901806,-0.0,-0.31168237638575774,0.2516552530645523,-0.7162574482530126,1.3649485526021727,0.009868955685541789,0.04711751583576196,-1.124102952690043,-0.642833500197207,-0.05859854119179764,-0.644513700942984,0.04280551867534978,-0.5912626499101526,-0.10888513020658552,1.3794276304766218,-0.0,0.16254097946971635,-0.5336895194858521,0.6043618653105822,-0.29668693062363616,-0.6181244460715831,-0.5646425946086793,0.03368917781631506,-0.17883755704339635,-0.5759619091222019,-0.037097358445565706,0.12205441260545699,0.8766732449198933,0.19853327030512635,0.37117504651166144,1.3094496598911243,-0.0,0.014760415990481404,0.7098181143778926,-0.2944718106585463,-0.6101892412310793,-0.1336091210968058,-0.2377003619413281,-0.47786311174159013,-0.06995106516120214,-0.9276421855507607,-0.4821628079999638,-0.11878202920285179,-0.35686934307840296,-0.18372301972490962,-0.25813323520816445,-0.5621391674559983,-0.33322633733700624,-0.4278540584070404,-0.2776406494839956,0.060051222703455226,-0.0,0.0,-0.5823605455100551,-0.5188094462523057,-1.2261606287930389,-0.8432433870653289,0.0,0.4744892842813097,0.13833917504093418,-0.052674691627114016,0.8189071544042521,-0.42839523176391864,1.229014379383444,-0.989973314450958,0.27447572981366203
IOTX,0.47437283213867615,0.5157402927640368,-0.0862362511207287,-0.5090446569257903,0.2608378250318353,-0.2829136606184509,-0.0,-0.36472565495109904,-0.040878997464453753,-0.35564907024947195,1.3609890938089753,0.05955846007085244,0.6872512895971365,-0.775804917092692,-0.24646649155857586,-0.35994217573317894,-0.8115467353612568,0.15781202940224787,-0.5633031235172334,0.5058230690623554,1.527479686516154,-0.0,0.40416214881914,-0.05028817564583597,0.6674292330288278,-0.5737338060401213,0.023702406890462255,-0.04210053901479982,0.2514033177694306,0.4084071218588861,-0.43519512676282235,0.014701419187944015,0.666525025149471,0.9697400689146463,0.4722707512831827,-0.009495051788628812,1.52128696349808,-0.0,0.45808210235663316,1.1333674182751419,0.31037353601658657,-0.23729153302926273,-0.09647184757728786,0.4860781604018317,0.21454342967995504,0.11957761779273866,-0.7162703126189491,-0.25067596351051524,0.4435744120711458,-0.09975872386533444,-0.19979023431302026,-0.003429710821683307,-0.48239775111433714,0.1384123276688246,-0.20666233729540134,0.05660842785511594,0.55183000544353,-0.0,0.5823605455100551,0.0,-0.10897564901858442,-1.1301227305508723,-0.8419135410044575,0.0,0.7739205043813657,0.6691328002120374,0.2629119615592481,0.31130614610619417,-0.2951989182226642,1.5349729317977006,-0.4614181148473885,0.6837499452571975
BTC,-0.30469757156176247,0.32007335155419003,-0.15359789367019416,0.4800166116887261,0.17950124332847428,0.06919061754262529,-0.0,-0.44262371036041126,-0.10211060930289978,-0.10200640287989438,0.5878126262311754,-0.12414999926574066,0.7385215049506388,0.6560892146503375,0.3077881914654925,-0.5055771243935699,0.20848858038492998,-0.051372182175430936,-0.3132058236910121,1.1379588855292133,0.8158966620318494,-0.0,0.3264463019982698,-0.0436560596968332,0.2529405467948728,-0.38788557044064126,0.5636967264582459,0.6965548352864751,0.1252497655391757,0.24147919787741617,-0.33566700150054984,0.9928334591628276,0.5416395546551204,0.6078835707261216,0.15716157019541782,0.11240670731493561,0.9620637895125651,-0.0,0.5888248072059831,0.5396259465219901,0.4884071532030392,-0.24120995276669902,-0.4343006038081915,0.8796830810627503,0.24818749225700526,0.11120056146365451,0.3050077664947709,0.22361897861320312,0.3527873898613121,-0.27046932772583776,-0.8697069154973224,0.13431578070341882,-0.2292536773332937,0.6202097311998783,-0.5695494222903195,-0.11104083708642853,0.3133413474161013,-0.0,0.5188094462523057,0.10897564901858442,0.0,0.15806472676931388,0.3379705953077261,0.0,0.5032058063436368,0.7871711336335092,0.0897081664485991,0.04870636463238127,0.03158975274414233,0.37640542373124286,-0.042464801212284714,0.41774997565709937
AVAX,0.6644581716957323,1.3503163361230848,0.5280592526410989,0.032814233395355,0.36423851994864254,0.7252511408858253,-0.0,0.7920451588276898,0.6365194266326216,-0.2812365604175178,1.341685028971001,0.5016542181193051,1.3901399945220065,-0.11818598859851646,0.8997830749197478,0.14226268092854225,-0.9269991601069556,0.8715799532326933,0.6987020601654661,0.7572978088211983,1.3876754588243219,-0.0,1.0337056036547219,1.0235939872374922,1.2108751568357552,-0.23606304233315145,0.08053109843499617,0.22220279210326654,1.1696109063223532,0.6959559608912689,0.49144552551413045,-0.8334874072411894,1.5018349260231842,1.3074502907414005,-0.4597058724776544,0.31445989910589456,1.3815784811937797,-0.0,-0.43649101411557156,1.6346651429892955,0.5089103658840328,1.0766187598696026,0.48048154022541,0.15609528750500434,0.9618567710946058,0.7047044412223933,-0.06752066875051667,0.11262509920089683,0.5012831935223168,0.6463740318058744,-0.10500179453798428,0.7970609446547012,0.7685229745387165,0.9702178798074665,0.9128820245531086,0.6709999663739852,1.173634962805338,-0.0,1.2261606287930389,1.1301227305508723,-0.15806472676931388,0.0,-0.8490675946040932,0.0,-0.22813296632493638,0.8098647735875057,1.2335586744126683,0.24447130193591637,0.9999045750477548,1.340414533800288,0.48640920869375504,1.464711265849343
ENJ,-0.06638339325157727,0.8330320053638783,0.19116843371032283,0.5354289624363148,0.15162455684772425,0.7054973443526321,-0.0,0.6194066404247989,0.6534966940427872,-0.21694681524227993,0.7300083064246471,0.28902841572124327,1.0997288935784981,0.8244570783530089,1.0750753889481195,0.06827123772155567,-0.17031947434374184,0.5962072467091071,0.7479159688707799,0.9822497115306388,0.7851102905005954,-0.0,0.8915183893768718,0.707162592481006,0.8514573721456038,0.05875418335785648,0.25624532745052675,0.46895867116824747,0.9251114087705252,0.2578135937593562,0.3740384408683133,0.05358687196543463,1.062388787577063,0.9734211078351102,-0.7452763886634909,0.6210568359545445,0.89195601731725,-0.0,-0.417078928218706,0.9157589280423687,0.2968541062374768,0.7204873883482861,0.07947538178979761,0.15263944699316656,0.5711063347105098,0.5702122529523742,0.5616661181561067,0.33969736538204015,0.16259679027252366,0.2852786537386178,-0.558513424181044,0.8141512121661437,0.7114351224740028,1.1310039768473992,0.33528909086723346,0.26177740822729445,0.6079469125119689,-0.0,0.8432433870653289,0.8419135410044575,-0.3379705953077261,0.8490675946040932,0.0,0.0,-0.4190813097010242,0.7588815250156182,0.8954895285202353,0.36759621480935567,1.0432423243853794,0.31293839366364995,0.4914939857254871,0.991000968573972
CAKE,-0.0,-0.0,-0.0,-0.0,-0.0,-0.0,-0.0,-0.0,-0.0,-0.0,-0.0,-0.0,-0.0,-0.0,-0.0,-0.0,-0.0,-0.0,-0.0,-0.0,-0.0,-0.0,-0.0,-0.0,-0.0,-0.0,-0.0,-0.0,-0.0,-0.0,-0.0,-0.0,-0.0,-0.0,-0.0,-0.0,-0.0,-0.0,-0.0,-0.0,-0.0,-0.0,-0.0,-0.0,-0.0,-0.0,-0.0,-0.0,-0.0,-0.0,-0.0,-0.0,-0.0,-0.0,-0.0,-0.0,-0.0,-0.0,-0.0,-0.0,-0.0,-0.0,-0.0,0.0,0.0,0.0,0.0,0.0,0.0,0.0,0.0,0.0
XRP,-0.9431231421068038,-0.7866430866266142,-0.7787386520107429,0.2930165432063551,-0.5151530360457587,-0.8480686035085091,-0.0,-0.7367190286764207,0.36046120050745106,-0.3602166271786645,0.13968677643152716,-1.0025324029897882,-0.2494495722478508,0.45242468889933474,-0.5357957095898715,-0.7332634277253746,0.7249820175107166,-0.7676107184180612,-0.7049197169086521,0.13738724497552068,0.22443939259856474,-0.0,-0.39209313965425774,-1.059690327548859,-0.5557958734838666,0.030810489919404813,-0.26654832134133577,-0.01486439158216285,-0.7460536339694979,-0.8421170696451081,-1.0478937888772024,1.1905017138038625,-0.6701906750553671,-0.003009820519488865,-0.12824118707498353,0.27995930514762407,0.22693719505425436,-0.0,0.2758228253467227,-0.2822390948388243,-0.3942812179111237,-0.8915064171735388,-1.2659035639100908,-0.0074301163410742666,-0.6730027594386913,-0.4288779812539665,0.2551225496429955,-0.5599478170691152,-0.2683882501865152,-0.58731164039921,-0.8814706757496422,-0.4212409897866057,-0.21364187084988884,0.0703414687688353,-1.1727744149843482,-1.0383177850297616,-0.7984407304657561,-0.0,-0.4744892842813097,-0.7739205043813657,-0.5032058063436368,0.22813296632493638,0.4190813097010242,-0.0,0.0,-0.25935978700186024,-0.7866715314284165,0.345304488967334,-0.41073793438419093,-0.7236274283414428,-0.8602012878803498,-0.7455737510449763
TRX,-0.02158913837910803,-0.33614422777931996,-0.7383213936159619,-0.7431666940011318,-0.2489271294631529,-0.8908536100583879,-0.0,-0.23364393664734043,0.7382438007123104,-0.7506987739639663,1.1763263452464274,-0.35259851669836095,-0.058101159269009744,-0.834938879526542,-0.643320125593564,-0.14490780727690653,-0.48808192761356006,-0.10424041910518787,-0.5059301984533174,-0.2245759966235741,1.129955845951317,-0.0,0.2600200974089312,-0.7860154082304182,0.45604296527962507,0.11612523321877255,-0.7235085324629753,-0.7494670077185567,-0.05318911372406698,-0.5229692617133419,-0.8128938461575188,0.22557234197509513,-0.1984702948611964,0.7969489993721706,-0.037819250751480876,0.7305483529249246,1.048658247928587,-0.0,-0.0614638030143449,0.5469306755234157,-0.5841620766826684,-0.7076843271375279,-0.6097435165470773,-0.5138822101329236,-0.7185148153704612,-0.06654791128824204,-0.5515685971171294,-0.7020568957355827,-0.16443744981016367,-0.3292579136723935,-0.16333587859892038,-0.12574700674801528,-0.4260906408609447,-0.12185121707680369,-0.7287294848376642,-0.6681623282610121,-0.5451688965112509,-0.0,-0.13833917504093418,-0.6691328002120374,-0.7871711336335092,-0.8098647735875057,-0.7588815250156182,-0.0,0.25935978700186024,0.0,-0.15853022908325587,1.1851567638925462,-0.34625246374658636,0.6191677701070131,-1.1279310543296899,-0.05395222776298758
ATOM,0.6649979204602539,0.19880473134736842,-0.3998814413118954,-0.8373237322316933,-0.04833094262098454,-0.5292652402404479,-0.0,-0.047792674677713726,0.24829543899690976,-0.6548947709074657,1.3098563344427325,0.1960324344220733,0.04431937432659572,-1.1979289167125176,-0.5298228536769127,0.014083609498725697,-0.7940685731626633,0.3309898639277722,-0.5663756787761316,-0.09088114820154909,1.2281296041219574,-0.0,0.20175300508788765,-0.3097243201722987,0.5596558094446876,-0.48627477465379704,-0.3957546831542852,-0.40387407558849464,0.1032866561792643,0.12185268780112593,-0.407311490660118,-0.38158401757995336,0.21643666286096308,0.6100807340483183,0.6064455191390438,-0.026729094357279798,1.162862963980825,-0.0,0.26655096353302016,0.8608311688329595,-0.251742679037271,-0.38285273005184184,0.16863378332974388,-0.08612147195830241,-0.3503855419313703,-0.16957821459374398,-0.9724635001769972,-0.43841649596009147,0.010205296955907273,-0.23029017475293065,0.1604700150455313,-0.3345133371310789,-0.39517576843494917,-0.18137401936313505,-0.16893800033543754,-0.04343295992819063,0.10283819066535027,-0.0,0.052674691627114016,-0.2629119615592481,-0.0897081664485991,-1.2335586744126683,-0.8954895285202353,-0.0,0.7866715314284165,0.15853022908325587,0.0,0.48722074729478326,-0.2992489138509529,1.3494391527196545,-0.7620136196822274,0.33436901229057564
AAVE,0.17908295192074852,-0.37897661772276725,-0.500604897395778,-0.2555259736859421,-0.795851368639725,-0.692819342125265,-0.0,0.5513111344647375,0.8112965678248871,-0.8671989194943067,0.7052695896449924,-0.14404069602098815,-0.7883700802606923,-0.9006867183904578,-0.6201603750434623,0.3166630917209715,0.11641272728470894,0.20622483117868598,-0.15131191071285421,-0.9808276447000479,0.2860222275246854,-0.0,-0.5950600552594597,-0.47786513048065826,-0.18096202171259992,-0.28135753927806495,-1.1365121727694916,-0.5059861632530961,-0.3761789929226387,-0.6893719689346812,-0.1735509043570124,-1.0490951819840266,-0.44746424302055104,-0.2507816599647405,-0.015395715539897548,-0.2793205960457087,0.07635538640747958,-0.0,-0.5861114610360847,0.17945797258917287,-0.9729923351769112,-0.0019818667481649455,0.26532868328209075,-1.0621437678259655,-0.7848236851661086,-0.6668600517402439,-0.7386181812567212,-0.7798708178965158,-0.8868313373220771,-0.14480791669755513,0.11387979616596536,-0.8690446910443895,0.7531735891054845,-0.3942452432133468,0.3748727416946509,-0.22465087053973218,-0.22012834890594413,-0.0,-0.8189071544042521,-0.31130614610619417,-0.04870636463238127,-0.24447130193591637,-0.36759621480935567,-0.0,-0.345304488967334,-1.1851567638925462,-0.48722074729478326,0.0,0.21298387779622263,0.12534485090160336,-0.7579567964958605,-0.35118177526860617
DOGE,0.6170712290119931,0.6623061893038606,0.10510471249600212,-0.4652263063767948,-0.00196337576849398,-0.117259898948342,-0.0,-0.06854020176340858,0.009225796789691085,-0.34649409287729116,1.2916980682146981,0.0229943294845963,0.6247974814821426,-0.8140793894691618,-0.1526001488465606,-0.41904791892011795,-0.934639689511067,0.2825784942527982,-0.40838701968135427,0.21935652538245815,1.3723347311141252,-0.0,0.15504243338007723,0.20105677314408915,0.5110372035717045,-0.7678968450013828,-0.18087384782003094,-0.09678101549331045,0.2226296002343646,0.3500521535873721,-0.2724745021059788,-0.65641717365046,0.7223874848929606,0.6979089499876443,0.30532485420070177,-0.45001371136271384,1.3045745557782913,-0.0,0.12039754784157713,1.1631892108199107,0.13407625662353245,0.1645414962274653,0.08606684420430062,0.1884733147092036,0.3738753991036966,-0.07876148406181399,-0.9529386361131804,-0.4323495500157317,0.15310301897823883,0.021132434381910037,-0.018739091752537684,-0.08902508933688567,0.04193828306731151,0.2296880096977021,0.302909227632757,0.16462140224703303,0.8086700263140558,-0.0,0.42839523176391864,0.2951989182226642,-0.03158975274414233,-0.9999045750477548,-1.0432423243853794,-0.0,0.41073793438419093,0.34625246374658636,0.2992489138509529,-0.21298387779622263,0.0,1.4604430216077562,-0.24014853530486965,0.6959531283840086
NEO,-0.43160587044157567,-1.275889240052765,-1.080205950664342,-0.9976198337148396,-0.6559426450418244,-1.4091748756748461,-0.0,-1.2330057808258408,-0.7848902469286753,-0.5356631479700535,-0.09552041953637191,-0.5909474199825127,-1.2450728189004399,-0.8690471321970044,-1.5102189625454394,-0.7065623244033644,-0.05882319529790376,-0.8538284561592882,-1.552412550585459,-0.8819810886596336,0.012512678641500352,-0.0,-1.077343758952554,-1.444098326648409,-0.8249645509788334,-0.6725725293636734,-0.6757887301103562,-0.8403602358429977,-1.2630575372468418,-0.7992662863749318,-1.2215877312933352,0.46778338629890626,-1.2785261111014203,-0.6750096491808845,0.6647146679079101,-0.6205865985220538,-0.010545868476515896,-0.0,0.4148502691282836,-0.8552078228542607,-0.8306474489196121,-1.6501865491212344,-0.6347581009944587,-0.3328039584351693,-1.3020552516761508,-1.0804141673815328,-1.2898445229280902,-0.8050043214161465,-0.7203450191384316,-1.2177063666877546,-0.12281252121341385,-1.1973569805444777,-1.2366555097040366,-1.0889689931618831,-1.268112151288558,-1.0193673830670757,-0.8798393548144041,-0.0,-1.229014379383444,-1.5349729317977006,-0.37640542373124286,-1.340414533800288,-0.31293839366364995,-0.0,0.7236274283414428,-0.6191677701070131,-1.3494391527196545,-0.12534485090160336,-1.4604430216077562,0.0,-1.3923257372593036,-1.1730186160041607
SAND,0.7119829821935535,0.9256925232061293,0.03453157330496644,-0.2948604940032268,0.5574417079384402,0.3121392465470776,-0.0,0.20158239527213373,0.33242288513813834,-0.26075721811662106,1.2758524292045177,0.5564726212531813,1.0048082699267786,-0.28290835915363244,0.4369690795774651,0.15307784886316864,-0.756070486182537,0.6768943228732573,0.058040207874208875,0.992270031381181,1.3448708840983081,-0.0,1.085484556044471,0.38656729176169996,1.1173865546257675,-0.15983646358110215,0.4725909838037539,0.2890825692247045,0.8623319531625343,0.7488679081207166,0.06875253877973025,0.18496244399786682,1.0194657176928337,1.1810313401354762,0.4090330509635776,0.5159684837530542,1.440962602382839,-0.0,0.5027967413815213,1.2925120860109804,0.49562279048793195,0.12611667093536386,0.2600241567888998,0.6504322392073834,0.37614506733804576,0.564726717028067,-0.02315363422135805,0.2883285658272308,0.721314625956405,0.17513229021030266,-0.06267724694820972,0.5319653583144545,-0.3040198924588315,0.6285615163452637,-0.07003534371758258,0.3845948833622935,0.4517116926718958,-0.0,0.989973314450958,0.4614181148473885,0.042464801212284714,-0.48640920869375504,-0.4914939857254871,-0.0,0.8602012878803498,1.1279310543296899,0.7620136196822274,0.7579567964958605,0.24014853530486965,1.3923257372593036,0.0,1.0540978180119214
QTUM,0.2981234390158367,-0.2114303925142318,-0.6735252924041137,-1.0618608231741329,-0.2660288041028115,-0.8522484214235051,-0.0,-0.5074886869694228,-0.1377394516554989,-0.7352552226902082,1.0719993469038271,-0.05462914166056331,-0.2188063395068237,-1.1765119474030814,-0.842473493923815,-0.36124559990808286,-0.8471808926482782,-0.04382443901870393,-0.9543599270493708,-0.3052820547883308,1.1331684492811243,-0.0,-0.12935953087092286,-0.6581994844629974,0.2678545002408218,-0.6766238585091903,-0.5813507618869529,-0.6874280312552739,-0.2521562629573149,-0.1980874741754862,-0.7695172076800375,-0.1711644995563692,-0.12467462144771699,0.4188204359813143,0.49278299767240374,-0.18465465144592022,1.094642329363022,-0.0,0.1946152986768102,0.47111203657561523,-0.46562407736990485,-0.8391159392271691,-0.1416902666292592,-0.22743022545925373,-0.6348733174515984,-0.44335073670509273,-1.2985933753363585,-0.6473834339367023,-0.2706610313461173,-0.6379715509852861,0.0011033001837507106,-0.5276781687187706,-0.757245270725664,-0.4040749150915826,-0.5686558418382781,-0.42169286879285905,-0.08898965196167696,-0.0,-0.27447572981366203,-0.6837499452571975,-0.41774997565709937,-1.464711265849343,-0.991000968573972,-0.0,0.7455737510449763,0.05395222776298758,-0.33436901229057564,0.35118177526860617,-0.6959531283840086,1.1730186160041607,-1.0540978180119214,0.0
