,ROSE,ANKR,VET,NEAR,ETH,EOS,BAKE,GRT,REEF,INJ,FIL,MATIC,BCH,IOST,CHR,EGLD,HBAR,ZIL,ALGO,DENT,DASH,ALICE,IOTA,LINK,XTZ,LRC,ONE,SXP,KAVA,AXS,ADA,SOL,ONT,ETC,MANA,SNX,ZEC,CFX,YFI,WAVES,LTC,CHZ,XLM,COTI,DOT,OMG,SUSHI,FTM,BNB,UNI,STX,RUNE,THETA,HOT,1INCH,FET,KSM,SLP,CRV,IOTX,BTC,AVAX,ENJ,CAKE,XRP,TRX,ATOM,AAVE,DOGE,NEO,SAND,QTUM
ROSE,0.0,0.32970556697224246,0.08725646881729944,0.12909600792249554,0.2067870501538866,-0.22613300119583904,0.0,-0.25220484214987504,-0.18978482399858126,-0.0016654692719405007,0.10369299461265233,0.024965627389933964,0.13499000415422122,-0.06970694968876603,0.023440405311529286,0.1474965988234444,0.13520468785934384,-0.013086386950294907,-0.09072818886153346,0.14580091144258198,0.3580514330540756,0.0,0.07288079529202443,-0.11178280563718798,-0.17432875086030858,-0.18206674468581965,0.17984115697537495,0.3693027155191556,-0.13316071796289253,0.32206665347411345,-0.33117944137642774,0.26176388952452934,0.038838357722446634,0.02181987566759963,0.0897812066772562,-0.05604337490404543,0.07228211053270783,0.0,0.3895649098423509,0.31599023669977555,0.2244376396933176,-0.07965078570151213,-0.2172382020017377,0.40441255807095006,-0.24889677680220715,0.10389641268904003,-0.0742949162459534,0.12207030240687994,0.0954656607855306,0.05537201633011677,-0.008792605991748581,-0.17823837396382303,0.019052097912280283,0.14152791493448277,-0.13962061421172509,0.12317939167801714,-0.18365921533424429,0.0,0.025124963781723353,-0.3276702358559118,0.2560427855272349,-0.6056585200980448,0.2551299605291971,0.0,0.2104045334158854,0.21157257882922254,-0.3523057270065197,0.013464714581719266,-0.13050850716860166,0.40296913600625806,-0.34054604505899827,0.1057047765050827
ANKR,-0.32970556697224246,0.0,-0.07616721208912647,-0.03887155208979248,-0.3832867031869611,-0.30246503249973555,0.0,-0.2410058228551653,0.2175569882556931,-0.5925245217899945,0.07417677562601488,-0.03323945503981071,-0.06782969690595927,-0.16459131822131,-0.502507185945278,0.09137712415656613,-0.22116629312646713,-0.14681604532005538,-0.08553692103014238,0.09680584827010338,0.05149162813866556,0.0,-0.07005851390270193,-0.2457820155753609,-0.38044455754599205,-0.45527358236104903,-0.09359860942423442,-0.2457974061476797,-0.3492357564791764,0.5329642624134155,-0.4835018718305704,-0.21359559271381787,-0.08311483771940748,-0.08544822908781141,-0.35310293136884796,-0.43161490698391825,-0.19692982914997254,0.0,-0.08207325790001008,0.0020570107878776778,-0.2227506630319122,-0.6169529992108831,-0.2547551742645993,0.22705638422789978,-0.1765676481915877,-0.05304329197906807,-0.1947099522885961,-0.24994682544175517,-0.13409862430157646,-0.12961593148303532,-0.4217769333771061,-0.4085764733554812,-0.20174501530126693,-0.2257955185484929,-0.30796160141727774,0.06809768158119839,-0.2446102297559284,0.0,0.2893328418539929,-0.7595091542267984,-0.2670338291271494,-0.44616734251376566,-0.6442179412052996,0.0,0.1379905637031989,0.042973830653067646,-0.3339910264984456,-0.34214413197217786,-0.23656190714799005,0.09304333009840582,0.5893378827697275,-0.1599508884220505
VET,-0.08725646881729944,0.07616721208912647,0.0,-0.2158254951228132,0.09135848444936283,0.0005880067768825187,0.0,-0.1318836631153282,0.1022145558095778,-0.21254009785793862,0.0029516443744977416,0.3891904894782543,0.12278162389510314,-0.17673815382397445,0.10947761839688322,0.17179188163743836,-0.2579587498284417,0.05502667377336312,-0.03973161974449607,0.19472621891510244,0.20096741045378985,0.0,0.14881204668556886,-0.01929768982640226,-0.00578153787562577,-0.24152152719835202,0.17393656371603877,-0.019057655342037516,-0.017647573073812955,0.46493829116474084,-0.14455248064651105,-0.1178705505392463,0.060395564851791816,0.1344795809833074,-0.051268857851663865,-0.20113391115584645,-0.02687710257186704,0.0,0.05230562419089019,-0.03202269970227695,-0.010571202898494836,-0.20018024711186125,0.14180674942929977,0.1390197084379109,0.046334780116871366,0.04093208856174771,-0.18193847602502178,0.07153593188053436,-0.05316954901080165,0.0005537197428605034,-0.19028236013339986,-0.1510677389994944,-0.1949000650077233,-0.05955636418797708,-0.17832158587889968,0.1341365866654362,-0.03821341685696866,0.0,0.007182050472055668,-0.35478145236947256,-0.04812496867417429,-0.42175202085601055,-0.21168169040011414,0.0,0.2828239814274174,0.21255497244621605,-0.11600314076691123,-0.06877231614497298,-0.25167120360912115,0.39571177931696044,0.06374262557378507,0.24694350812653343
NEAR,-0.12909600792249554,0.03887155208979248,0.2158254951228132,0.0,0.003519168328845357,0.04670929162300816,0.0,-0.0018352053833552914,-0.03998529489990792,-0.2497506671598046,0.15616331809248968,0.3310959216373854,0.3400781156300521,0.00433308980245567,0.13673235085234947,0.17894298271318168,-0.3660859154666507,0.07154361188281197,0.1995548944219242,0.15957321430642207,0.3150047472235536,0.0,0.24782011394532089,0.09690971175758988,-0.021588828898600018,-0.23454938148068433,0.0700077756679421,0.15015947940254984,-0.0015408915553220166,0.6823800786987005,-0.12292978805101185,-0.1787775284105251,0.32517388374579725,0.15084697533907573,-0.5002439100423601,-0.1813835273074525,-0.06670654084081021,0.0,-0.11953212769229885,0.25861661704048095,0.07622599510194174,-0.13305099062948858,0.016152349726814452,0.2914757752341468,-0.23638855277356924,0.33724983831450234,-0.18420049417012688,0.0017084564209293995,-0.04434579814474642,0.03569216109420709,-0.2508622704137806,-0.16407610377535894,0.09539122021438282,0.15727914895194,-0.02691000717720146,0.31800158362335823,-0.052537212732991403,0.0,0.20929909409164066,-0.31144390211576084,-0.09888176838980597,-0.40892227419349025,-0.2504638399064413,0.0,-0.1308609681968737,0.2933816899317967,-0.04946462356575064,-0.15423686901840433,-0.2003985573862592,0.5059646839994857,0.18980778750358115,0.2717174408445617
ETH,-0.2067870501538866,0.3832867031869611,-0.09135848444936283,-0.003519168328845357,0.0,-0.2561478794443597,0.0,-0.3067138111513614,0.4296750942879728,-0.35929080178034223,0.02043690044506337,0.19604870902664878,-0.056078162475420995,0.027707286002196456,-0.03756214222476498,0.2022460723614763,0.007934833712698056,-0.07523206019851007,0.04346561750135828,0.12344397144981674,0.1888175242499605,0.0,-0.01827185132831874,-0.06615001841124861,-0.12979452572125713,-0.1741245497522545,-0.15359339247495263,-0.09239741296887205,-0.013737099284542045,0.18787978694344973,-0.22247678070747778,0.0036851026122749486,-0.09843640924743834,0.06654936548818524,-0.2652171339894848,-0.058522425163429065,-0.13535072327043574,0.0,-0.16236504807019805,-0.031549455676680715,-0.26945183653485383,-0.27981126636076886,-0.06357678304242173,-0.0023906950907650604,-0.16736386122534785,-0.07254096792330338,-0.11524177358185292,-0.11003095810820028,-0.12919144548459868,-0.011969718934523255,-0.3226115750863765,-0.39273905514758506,-0.13428185330950365,-0.11153997524984416,-0.15547755350693557,0.06856969203566025,-0.3224157104069672,0.0,0.1322919514483739,-0.2993782453147191,-0.17013582553091863,-0.3562937508434947,0.01978553552128183,0.0,0.22372111781780632,-0.0673062063812865,-0.22377169710252165,0.009970898365993172,-0.3082649590957527,0.19154841469035322,-0.2659874270228969,-0.01112074297140151
EOS,0.22613300119583904,0.30246503249973555,-0.0005880067768825187,-0.04670929162300816,0.2561478794443597,0.0,0.0,-0.002063080070044746,0.3800914494432992,-0.22787593444095303,0.5657726171366741,0.2027985709282199,0.5499128648510898,-0.08845966998457233,0.18246303849829726,0.002967711217953223,-0.4834344225820537,0.14856030829094202,-0.023070125721360836,0.38765474530307165,0.8480006571948957,0.0,0.39599970435809706,0.08928063899270428,0.2627675142394051,-0.252468896958952,0.14399902783437207,0.039189360955084046,0.28515205633522966,0.42706208660289935,-0.24802908747390534,-0.06277212901302269,0.4067362211025988,0.6254122839206163,-0.013852305331186497,0.0063673247482720075,0.48030208890258097,0.0,0.20962991601334258,0.3956327821402394,0.16925459479917274,-0.012004581489243174,-0.057414816115982356,0.22254164219564698,0.07622681521237903,0.21095750595313686,-0.10857484059353456,-2.9761534624264674e-05,0.17624385730718597,-0.022278170781393887,-0.07079933548639465,-0.10536082465031404,-0.10738778136044547,0.27456676008038616,-0.06837511657842416,0.10322181910617674,0.029452092667066346,0.0,0.1886636090042548,-0.1843025325016898,-0.009255878411874058,-0.49135803435146497,-0.1812185963032509,0.0,0.39706149832476767,0.42682821786590924,0.1305232821925913,0.12015803392382447,-0.06673338245435093,0.7860453514278858,-0.11109498901954545,0.38640341165639436
BAKE,-0.0,-0.0,-0.0,-0.0,-0.0,-0.0,0.0,0.0,0.0,0.0,0.0,0.0,0.0,0.0,0.0,0.0,0.0,0.0,0.0,0.0,0.0,0.0,0.0,0.0,0.0,0.0,0.0,0.0,0.0,0.0,0.0,0.0,0.0,0.0,0.0,0.0,0.0,0.0,0.0,0.0,0.0,0.0,0.0,0.0,0.0,0.0,0.0,0.0,0.0,0.0,0.0,0.0,0.0,0.0,0.0,0.0,0.0,0.0,0.0,0.0,0.0,0.0,0.0,0.0,0.0,0.0,0.0,0.0,0.0,0.0,0.0,0.0
GRT,0.25220484214987504,0.2410058228551653,0.1318836631153282,0.0018352053833552914,0.3067138111513614,0.002063080070044746,-0.0,0.0,-0.13940549934569546,0.022663221223646772,0.15415699312545347,0.11316278899956562,0.30064235872249795,-0.2548058587066552,0.4386569813777259,-0.02617085312781398,-0.03795001433861747,0.03703371910740241,-0.08385067827911558,0.06578475395219259,0.39738026520918635,0.0,0.06144132377253137,-0.019245851861865615,-0.09392653369938983,-0.2251978752818607,0.1504785339040465,0.19629517386108666,-0.04624357426100324,0.35445233171603385,-0.1449189754822765,-0.19678120808045016,0.14774806106600186,0.16239947000452193,0.02422882041647638,-0.19397082401363247,0.17907577770099498,0.0,0.20168112829155543,0.25321733564623466,0.2661747454637955,0.21421856693987656,0.010259213855104012,0.10261490873535728,0.0902264258746795,0.07513411334423625,-0.2551827343499136,0.18180852429580735,-0.036096568533672165,-0.08390409721523723,0.1667498486472886,-0.18703067998731165,0.16643382883817923,0.27129993364345384,0.038847738811763566,0.08447742589508887,0.10021579002864237,0.0,-0.23151670190614307,-0.34223743079553703,0.22964038653142246,-0.42780274723379696,0.2892699122811767,0.0,-0.006109620718765724,0.18882324026295821,-0.16744261210113331,-0.21536791307454733,0.03962992325660501,0.5203013678790309,-0.2840700796743192,0.3937091758918569
REEF,0.18978482399858126,-0.2175569882556931,-0.1022145558095778,0.03998529489990792,-0.4296750942879728,-0.3800914494432992,-0.0,0.13940549934569546,0.0,-0.6631490627528103,0.31465231597032395,-0.23888270662675393,-0.2946198729848943,-0.43830793457298645,-0.23550437443422328,-0.30720040565764106,-0.30772459284141335,-0.19220346629714763,-0.131769968782065,-0.22828418826048216,-0.04986021894564782,0.0,-0.4608917567472653,-0.2329330853664603,-0.2601564075680869,-0.5510233347087445,-0.4677386164548649,0.03611093030512623,-0.3571879060531125,0.1751176971573633,-0.20845028696850354,-0.3246819619368571,-0.13644777626827545,-0.30083465844804774,-0.2763508891544208,-0.4009638645289074,-0.33667850286374085,0.0,-0.11832297634872602,-0.037525956021068466,-0.38972567246531314,-0.4562239482530322,-0.13102032218352244,-0.12573216765584277,-0.348023754226887,-0.2515950150676357,-0.4466462908122514,-0.08387550783330093,-0.18921575336484467,-0.1604142307232016,-0.2759921593242283,-0.5518117960510858,-0.32225883067966626,-0.1081639536624491,0.10253247397420563,-0.20959295362270292,-0.11432507161959679,0.0,0.12366155900872423,-0.2004919924762741,-0.3904492646314702,-0.18261123910208393,-0.5075155135366552,0.0,-0.21747414093936418,-0.38346743789235177,-0.2931444070982544,-0.3742476446403784,-0.14091563327231743,0.08440293238592739,0.37417518263517263,-0.06495893399683325
INJ,0.0016654692719405007,0.5925245217899945,0.21254009785793862,0.2497506671598046,0.35929080178034223,0.22787593444095303,-0.0,-0.022663221223646772,0.6631490627528103,0.0,0.011584207394688295,0.4145381383054566,0.2425821911439368,0.429986436514196,0.4564278987276402,0.08591678993097895,0.3368723262879919,0.037231490471883066,0.31216069297206356,0.23387887335143487,0.16067119827253207,0.0,0.22155407065358262,0.4000293839584578,0.35409988214472243,0.15758866151260506,0.15308565722019396,0.09018941128035315,0.45780416191997664,0.1743841351121847,0.11617160020393891,0.17545489331349337,0.2834195443340265,0.37402394862273,0.15011794265284717,0.2829089890548038,0.04409669093603413,0.0,-0.11463080127470737,0.07184332792912848,0.1448217458547245,0.19656184528285303,0.043135011665897866,0.021056964798950806,0.2492017939106516,0.3317079197801093,0.2899452563319843,0.25407169719513595,0.06031211794231317,0.1070980554084564,-0.1194159260099088,-0.06119660640299465,0.14148529956863706,0.13320100331510615,-0.024863927013873743,0.2395620390041444,0.022824546608822327,0.0,0.25515025050945317,-0.0026846104054915054,0.00346381024182435,0.10061238815142745,0.534607099754898,0.0,0.08816102605884435,0.16421421212342416,0.3826758549836114,0.29886585443567476,-0.024711494810584766,0.18832454361414208,-0.44744258296608297,0.4564366384693115
FIL,-0.10369299461265233,-0.07417677562601488,-0.0029516443744977416,-0.15616331809248968,-0.02043690044506337,-0.5657726171366741,-0.0,-0.15415699312545347,-0.31465231597032395,-0.011584207394688295,0.0,-0.016720867808353614,-0.17645022045707398,-0.31881891998855383,-0.3025872550593358,-0.014636576137807836,-0.1770244112355377,-0.06528645392184354,-0.09586611512717148,-0.21433423299989832,0.24413885017942727,0.0,-0.19025734632129154,-0.23891560253992472,-0.33938199478005415,-0.2742113635042294,-0.14846218218512622,0.05567900314282765,-0.4120161703495111,0.342168357311712,-0.44498491707042753,-0.09454585188162651,-0.17114680819248648,-0.25194497238625524,-0.14853933151686916,-0.3114261288039079,-0.12579834891707722,0.0,0.10206247697729831,0.0739579754136699,-0.0967844951041094,-0.1306706681767591,-0.19430579397147563,0.15352395346179393,-0.3294567143902599,-0.02084512767883012,-0.3306700462240181,-0.1079718651959343,-0.23217352952581266,-0.07908632328015522,0.06555255644234867,-0.34524713900114823,0.02602223934859313,-0.16102834376688635,-0.09710991288471865,0.06183571408625945,-0.17386052128133708,0.0,-0.16536362417927636,-0.5230485046442854,0.09606275573977147,-0.8588774393040685,0.003259106316481089,0.0,0.09310581091493988,-0.16648269547664382,-0.4204778663883604,-0.20653972804957133,-0.28634614527528085,0.5301197321414485,-0.3623393210488445,0.08911367433218943
MATIC,-0.024965627389933964,0.03323945503981071,-0.3891904894782543,-0.3310959216373854,-0.19604870902664878,-0.2027985709282199,-0.0,-0.11316278899956562,0.23888270662675393,-0.4145381383054566,0.016720867808353614,0.0,-0.09693040475252124,0.06002499374742232,0.23922142094543453,-0.13867083972503166,-0.3529907883531564,-0.031209754894110292,-0.41196528240521096,0.12010033314643578,0.18338975104902974,0.0,-0.03498216804190843,-0.2248280858689418,-0.08978333070343271,-0.553103608552728,0.07235057490336799,0.3976810535099616,0.0017781911403242923,0.04657827362580421,-0.5607894324300857,-0.1856749241787617,-0.006390008473362005,-0.09414332252969866,-0.030290838321595247,-0.25905176858637524,-0.10556032919166894,0.0,0.1958475588839483,-0.07286661482395969,-0.24565471042484252,-0.26108645681118337,-0.24070907574605438,0.05830970106030069,-0.21155939841318325,-0.1941223475067681,-0.20682444034442968,0.17343792584542886,-0.1744124340388331,0.0400969883042782,-0.35197653951875907,-0.19902876994892157,-0.5051333422677741,0.06614004793380585,-0.3166445292523806,-0.1432014798493984,-0.21360005436013998,0.0,-0.04440731000416111,-0.031508605244896674,-0.19731419072065573,-0.5207576804675732,-0.422972600875672,0.0,0.32992406062421087,-0.016483642066215942,-0.08020193868250172,0.11440824823929349,-0.18427415042662773,0.26890327168669975,-0.21536839890904202,0.025618195601964544
BCH,-0.13499000415422122,0.06782969690595927,-0.12278162389510314,-0.3400781156300521,0.056078162475420995,-0.5499128648510898,-0.0,-0.30064235872249795,0.2946198729848943,-0.2425821911439368,0.17645022045707398,0.09693040475252124,0.0,-0.2662926965322252,-0.2533384011443062,-0.09671256499757758,-0.47461240584734654,-0.17611622906372906,-0.1429666719699777,-0.10182308686020994,0.5240361895982841,0.0,-0.04056410797700179,-0.1538635206882967,-0.01731036720581415,-0.21276900120398717,-0.3264468287134118,-0.3572796940600439,-0.05431855023694604,0.14679666298921354,-0.4358529111142046,-0.2772468101022607,-0.07410527245224162,0.27945249337267003,-0.2609298421125446,-0.0912920718870881,0.09538498394733753,0.0,-0.24217809995206488,-0.07245984933551158,-0.2698779786995494,-0.2283839363293171,-0.17999807857731293,-0.16037412035264176,-0.11973237506384866,-0.049354819134606154,-0.3473824137734389,-0.19393117952875352,-0.2718401261632632,-0.1125821176647237,-0.1369415422826545,-0.3457708867937418,-0.26911869136155797,-0.2687735425724754,-0.20840899663731333,0.024895353817953596,-0.16091222233483238,0.0,-0.021746336717263448,-0.33094296400849976,-0.3024559248704794,-0.8235569540727492,-0.28380234193237064,0.0,0.13111118694729249,-0.10983846688266502,-0.10335721013719797,0.03595514450530718,-0.257952486271165,0.6045282084085177,-0.24836753154567262,0.12170638116390581
IOST,0.06970694968876603,0.16459131822131,0.17673815382397445,-0.00433308980245567,-0.027707286002196456,0.08845966998457233,-0.0,0.2548058587066552,0.43830793457298645,-0.429986436514196,0.31881891998855383,-0.06002499374742232,0.2662926965322252,0.0,0.1533426456629933,-0.07683444950894108,-0.39115002592702447,0.22984012134288057,0.20629955628640537,0.384807572336813,0.30578752977551255,0.0,0.1763334525082965,-0.048193958122653785,0.17314799341807155,-0.04210954016384423,-0.19720240113157733,-0.013455436475974442,0.34874189776717446,0.18595153023372982,0.11685255568146072,-0.14844812196309456,0.3807985145653059,0.32901940498836457,-0.4421454638987789,0.1845686238355997,0.18076295166054468,0.0,-0.15869995840888737,0.21637385784710852,-0.1056030652430556,0.05756063517933577,-0.08190768153115664,0.012083789866680385,0.022213642631297048,0.2618358882989611,0.0658313227291573,-0.029009078807298902,-0.01345948954969177,0.17961443596037308,-0.18030574414918724,0.0188409972689334,-0.07524277345280031,0.2152365769899958,0.09880243121129229,-0.07523614407453438,0.030117331643365886,0.0,0.010385191141533329,-0.03751315353341712,-0.43114686011937964,0.14976527241705037,-0.27024002050335727,0.0,-0.1605314260135717,0.28187286091107483,0.4767866592020916,0.2351550862502941,-0.07208218105918031,0.2700404838658772,-0.023360807764510175,0.09620669517803028
CHR,-0.023440405311529286,0.502507185945278,-0.10947761839688322,-0.13673235085234947,0.03756214222476498,-0.18246303849829726,-0.0,-0.4386569813777259,0.23550437443422328,-0.4564278987276402,0.3025872550593358,-0.23922142094543453,0.2533384011443062,-0.1533426456629933,0.0,0.09199414700734239,-0.3582798394634617,-0.2505540539307886,-0.3946470048492925,-0.036697483684954776,0.5626045979096855,0.0,0.03697198647282576,-0.007355547120440438,0.02316990314441976,-0.3884899786106297,-0.0346524865193137,-0.20111875171402185,0.14517273226444308,-0.22256285303004,-0.3696197192512629,-0.5578479970215936,0.07286431886448677,0.4986604663149971,-0.30809103218980105,-0.1162977533816606,0.21785637707242383,0.0,-0.193724249296976,0.034006629198837846,-0.0691615051135314,-0.3692143508921186,-0.05485572924922419,-0.13298864380727068,-0.06137960002954414,-0.11360107167925576,-0.39629568699500495,0.12253478157145226,-0.1642482194024278,-0.3218246780611055,-0.1435119359418509,-0.09063994458307759,-0.49531456595718754,0.22701241660216961,-0.19058262338925755,-0.1908638948117574,-0.009520313172115772,0.0,0.06276876555869551,-0.2700726188034972,-0.22790840154645292,-0.6953553735471292,-0.38694538411866214,0.0,-0.1719183196545467,0.13178279904816695,-0.13188306937523092,-0.0772743448870508,0.3720104220840448,0.46393713615913357,0.10850019801724506,0.08450597694844947
EGLD,-0.1474965988234444,-0.09137712415656613,-0.17179188163743836,-0.17894298271318168,-0.2022460723614763,-0.002967711217953223,-0.0,0.02617085312781398,0.30720040565764106,-0.08591678993097895,0.014636576137807836,0.13867083972503166,0.09671256499757758,0.07683444950894108,-0.09199414700734239,0.0,-0.15422780243732737,0.05259853298555117,-0.113411301833978,0.04975432017810574,0.18160756863573002,0.0,0.004823951325114456,-0.053942713309782585,-0.09704053447833531,-0.5262679582039517,0.19208023225834797,-0.23061848142563435,-0.1729371796304803,0.29420944291273543,-0.2190426564491878,-0.3159781645593421,0.07272611690375008,-0.047407386678304124,7.841930098943795e-05,-0.5920209569317543,-0.10673313185161264,0.0,-0.07351503613799766,-0.11237355964671208,-0.10111543319324932,-0.05891471970984849,0.1439014394964766,0.06633308627334245,-0.1368750269880736,-0.08167307269983112,-0.2541086211304916,-0.3867729376072655,-0.22758729166064573,-0.4321160759979448,-0.33287217979903827,-0.46660692155995837,0.12261606733921436,0.18303039464011578,-0.20075702169453072,0.2039413810623064,-0.04544261391980713,0.0,0.02039520045385126,-0.10362521041341086,0.20845597553869083,-0.22744550466708616,-0.04142627900120617,0.0,0.3101425734236764,-0.1024210268603099,0.0634016484005746,-0.6431357033285205,0.14831312819655357,0.3492305747989842,0.21901794754639975,-0.006680179824314569
HBAR,-0.13520468785934384,0.22116629312646713,0.2579587498284417,0.3660859154666507,-0.007934833712698056,0.4834344225820537,-0.0,0.03795001433861747,0.30772459284141335,-0.3368723262879919,0.1770244112355377,0.3529907883531564,0.47461240584734654,0.39115002592702447,0.3582798394634617,0.15422780243732737,0.0,0.11436482314087758,0.4790477998575241,0.37229903750136617,0.026618136540386333,0.0,0.30438292664141336,0.4677543004640632,0.1323695485029615,-0.14797565735753368,0.20799233802717373,0.10806515363357398,0.25491694294648215,0.5127977793336712,0.18865659493517656,-0.2762141876704652,0.43448482908750996,0.2580719248474156,-0.5746976557500003,-0.1067772271524039,-0.11067925583843166,0.0,-0.3209905076230407,0.1511358090353772,0.15081192327354767,-0.04579070190867207,0.1242529487602816,0.17601699940268933,0.23873509377972804,0.2480020283747231,0.11745421153425578,0.22085804284226812,0.05565817790342653,0.13020545333271316,-0.3211983107624622,0.17674476738572958,0.3281709691589092,0.3575259192900101,0.155282113961606,0.4584200945649602,0.22648242443303784,0.0,0.4398676505679818,-0.055072391288712164,-0.07913320984332747,0.30422197557162267,-0.22948239351645508,0.0,-0.40317033289364385,0.36104940131118957,0.09589723472659364,-0.20791558018199577,0.029095435723331953,-0.005151124500915788,0.5714095841865382,0.3711759187541398
ZIL,0.013086386950294907,0.14681604532005538,-0.05502667377336312,-0.07154361188281197,0.07523206019851007,-0.14856030829094202,-0.0,-0.03703371910740241,0.19220346629714763,-0.037231490471883066,0.06528645392184354,0.031209754894110292,0.17611622906372906,-0.22984012134288057,0.2505540539307886,-0.05259853298555117,-0.11436482314087758,0.0,-0.17329112701325866,0.13403303125122484,0.3084161646285089,0.0,-0.03385001835836832,-0.11930737326272031,-0.2146836284099865,-0.30179336300091675,0.03215292730063446,0.13622773689847475,-0.1832652574854649,0.4002391967611817,-0.39549156640025823,-0.1541797850872733,-0.04208592650690287,0.04385034866698906,-0.11350251711968393,-0.37528596562924144,-0.009420577858291534,0.0,0.12444191593762727,0.051337191516116154,0.020908122053097618,0.030318175464325026,-0.2140547766646541,0.13919681345716498,0.10345444896061017,-0.1394201072593204,-0.24917859111391288,-0.10645098149705629,-0.031220670453302513,-0.030851802514815813,-0.14020938123840943,-0.3215927646810928,0.016741387892149684,-0.0043623253681824015,-0.052979732103197605,-0.0840415947768445,-0.03113464815357439,0.0,-0.08430505202794233,-0.32948161643674323,0.06580989935099227,-0.46354179654247096,0.015584032921222398,0.0,0.3763926132620392,-0.08823411829030939,-0.285305748231862,-0.2473403662325959,-0.29551433865017307,0.36144664880558514,-0.2746870205704092,0.19615064280419825
ALGO,0.09072818886153346,0.08553692103014238,0.03973161974449607,-0.1995548944219242,-0.04346561750135828,0.023070125721360836,-0.0,0.08385067827911558,0.131769968782065,-0.31216069297206356,0.09586611512717148,0.41196528240521096,0.1429666719699777,-0.20629955628640537,0.3946470048492925,0.113411301833978,-0.4790477998575241,0.17329112701325866,0.0,0.18165996060697903,0.29875222271455687,0.0,0.149203948506499,-0.005627118951179441,-0.09463567737139206,-0.37068485371243187,-0.04043612342047097,0.4130569380562009,0.0249165582235065,0.6268499852625432,-0.22522849724317145,-0.35216980260741576,0.2270763121171837,-0.0207413753563251,-0.2553855431510462,-0.2486781698129208,-0.09319603693127179,0.0,0.06950667263140982,0.2691094302870494,-0.09456049743363587,0.00026424443829112243,0.09970021469419396,0.22297682859577886,-0.20427346647023747,0.09646847635297373,-0.2215014652331092,0.053171319689217685,-0.030990560634503297,0.32435346995771586,-0.19648152062398933,-0.31260377057812516,-0.10035367141835962,-0.08545054037110128,0.12191260092995437,0.11532715668060539,-0.18780487562437692,0.0,0.12788267557764063,-0.24633100017466522,-0.14494106913039217,-0.5575548495751883,-0.37670582254811585,0.0,0.3923314771737515,0.029329224785756253,-0.1553992367185443,0.03933271042055635,-0.612233812414045,0.5447684637123401,-0.18457038326212713,0.2852843048452909
DENT,-0.14580091144258198,-0.09680584827010338,-0.19472621891510244,-0.15957321430642207,-0.12344397144981674,-0.38765474530307165,-0.0,-0.06578475395219259,0.22828418826048216,-0.23387887335143487,0.21433423299989832,-0.12010033314643578,0.10182308686020994,-0.384807572336813,0.036697483684954776,-0.04975432017810574,-0.37229903750136617,-0.13403303125122484,-0.18165996060697903,0.0,0.4112407836345533,0.0,-0.038929404840370135,-0.2711586229137415,-0.15286819220023326,-0.059889991487567,-0.4839792733315072,-0.1371469034097949,-0.1738432961436536,0.21443485179102945,-0.3763813002890619,-0.058344488067673714,-0.1436605285135026,0.21202633252173336,-0.5583764883607335,-0.1316541169817182,0.07651764642920073,0.0,-0.264155705609592,-0.02309423933610691,-0.29656044513801766,-0.17778325453061694,-0.3307534691780644,-0.10825417526264725,-0.14909672088600118,-0.177676806497862,-0.39384271199628124,-0.4492564579257262,-0.10193574749369698,-0.09386946637388274,-0.26781812551168116,-0.4047771102464374,-0.22456887232628187,-0.3234084182923897,-0.04663172473310978,-0.38499452877278517,-0.23697943335530355,0.0,0.013978423109119793,-0.24125942302018688,-0.4545191020183247,-0.3754251284941996,-0.24627728707078994,0.0,0.26861609046258983,-0.2681202296583665,-0.35220632432540994,-0.02902749549204192,-0.5631164935236835,0.24169973727049163,-0.1289104525740263,-0.046467414866892244
DASH,-0.3580514330540756,-0.05149162813866556,-0.20096741045378985,-0.3150047472235536,-0.1888175242499605,-0.8480006571948957,-0.0,-0.39738026520918635,0.04986021894564782,-0.16067119827253207,-0.24413885017942727,-0.18338975104902974,-0.5240361895982841,-0.30578752977551255,-0.5626045979096855,-0.18160756863573002,-0.026618136540386333,-0.3084161646285089,-0.29875222271455687,-0.4112407836345533,0.0,0.0,-0.47368069679974056,-0.4469325157189047,-0.479172891032205,-0.2560633358757442,-0.48111388635763475,-0.40722790136340725,-0.49009478996623035,-0.020652122311978133,-0.6041657535069316,-0.24218497314515103,-0.522606883105087,-0.2964710725167372,-0.22125817587036942,-0.3150423508399354,-0.166941082827871,0.0,-0.21461717014960677,-0.3634050105193466,-0.422648679933436,-0.24112933719872098,-0.3585955053744594,-0.2323630444569426,-0.1494723182798657,-0.35465304948861553,-0.35399959289454624,-0.2436997291149233,-0.5145784151226448,-0.20862798691622775,-0.0020711193735886806,-0.4601736820936564,-0.19017771134749345,-0.611895834194796,-0.28442791254953576,-0.1621891118151067,-0.20653176393215228,0.0,-0.2713242144378017,-0.6427677845581088,-0.21775811822099028,-0.8211040604521304,-0.12604057385015763,0.0,0.05029557099493591,-0.482635854392551,-0.4093009770104923,-0.18311386328608492,-0.2684372223222476,0.16053844710207327,-0.3238900156443585,-0.2236935982713263
ALICE,-0.0,-0.0,-0.0,-0.0,-0.0,-0.0,-0.0,-0.0,-0.0,-0.0,-0.0,-0.0,-0.0,-0.0,-0.0,-0.0,-0.0,-0.0,-0.0,-0.0,-0.0,0.0,0.0,0.0,0.0,0.0,0.0,0.0,0.0,0.0,0.0,0.0,0.0,0.0,0.0,0.0,0.0,0.0,0.0,0.0,0.0,0.0,0.0,0.0,0.0,0.0,0.0,0.0,0.0,0.0,0.0,0.0,0.0,0.0,0.0,0.0,0.0,0.0,0.0,0.0,0.0,0.0,0.0,0.0,0.0,0.0,0.0,0.0,0.0,0.0,0.0,0.0
IOTA,-0.07288079529202443,0.07005851390270193,-0.14881204668556886,-0.24782011394532089,0.01827185132831874,-0.39599970435809706,-0.0,-0.06144132377253137,0.4608917567472653,-0.22155407065358262,0.19025734632129154,0.03498216804190843,0.04056410797700179,-0.1763334525082965,-0.03697198647282576,-0.004823951325114456,-0.30438292664141336,0.03385001835836832,-0.149203948506499,0.038929404840370135,0.47368069679974056,-0.0,0.0,-0.15739893130856278,-0.018169294425831067,-0.29175124539444053,-0.25031377046971404,-0.08147351664081375,0.033846885826207,0.27294669698812585,-0.4535103313511262,-0.4046305283511636,0.0024895139058386632,0.19642452684507994,-0.16289120431433898,-0.1928013615821515,0.06378053179361656,0.0,-0.09587205582310485,-0.024063498765582086,-0.21212160571061145,-0.03095837911504523,-0.19586721105858562,-0.05645173897813677,-0.02722953815919562,-0.08682371663695837,-0.2223073744752257,-0.15125418041996447,-0.2606276352510261,0.02553619045619962,-0.1412473588147092,-0.3149933818166374,-0.016743940779597427,-0.09204999266913202,-0.1309292274825975,-0.06396726190235977,-0.11938452878864365,0.0,-0.13763374292634264,-0.23102662543162214,-0.12275841285580158,-0.6219745095711774,-0.14957275457740368,0.0,0.24245228172919608,-0.21134362434421586,-0.04278995119035793,0.05770020521772884,-0.31697305658497327,0.5525499553450515,-0.358125070614401,0.17224700385821864
LINK,0.11178280563718798,0.2457820155753609,0.01929768982640226,-0.09690971175758988,0.06615001841124861,-0.08928063899270428,-0.0,0.019245851861865615,0.2329330853664603,-0.4000293839584578,0.23891560253992472,0.2248280858689418,0.1538635206882967,0.048193958122653785,0.007355547120440438,0.053942713309782585,-0.4677543004640632,0.11930737326272031,0.005627118951179441,0.2711586229137415,0.4469325157189047,-0.0,0.15739893130856278,0.0,0.035173438022305395,-0.3885785187296079,0.10728418021121909,0.16983102405090947,0.20555831193290564,0.5283735628885221,-0.2775730718501276,-0.030211663664287416,0.34909615806100613,0.1637484100383299,-0.08924381255561549,-0.009818461418239666,0.11640114488282302,0.0,0.1978504542399288,0.3236757481091367,-0.020254063643535575,-0.18692446050084593,-0.016184087614819792,0.2617448528023922,-0.24713690553787365,0.30400679626108584,-0.03166671719146475,0.2615422620722814,-0.010137215409905139,0.1116382628588973,-0.16339281872367845,-0.27542405230417605,-0.2780925703055928,0.13121106797293164,-0.04235532102700948,0.07798062483098792,-0.17868541935742727,0.0,0.19764986744277924,-0.5072635196522061,-0.15191894426996194,-0.6009635786105485,-0.25485356950676497,0.0,0.3175405871826798,0.31760437458485946,0.179983700456392,0.20358584573103528,-0.1511910841679923,0.69974905040994,-0.2296442475411647,0.2808716441156608
XTZ,0.17432875086030858,0.38044455754599205,0.00578153787562577,0.021588828898600018,0.12979452572125713,-0.2627675142394051,-0.0,0.09392653369938983,0.2601564075680869,-0.35409988214472243,0.33938199478005415,0.08978333070343271,0.01731036720581415,-0.17314799341807155,-0.02316990314441976,0.09704053447833531,-0.1323695485029615,0.2146836284099865,0.09463567737139206,0.15286819220023326,0.479172891032205,-0.0,0.018169294425831067,-0.035173438022305395,0.0,-0.26380496030013034,0.00896112361233899,0.09383983971794985,0.07728409183831163,0.33400720655815663,-0.23231497147914754,-0.16872746471487582,0.14833377502681133,0.16377131120366145,-0.03298608559974517,-0.034468444387645125,0.18369127255172554,0.0,0.19152412096333737,0.25399363117082474,-0.03867008228844618,0.01099252738907297,0.027651737729487133,0.08279609553283886,0.004838618974359087,0.1282720905789114,-0.05526286360681684,0.31976098613473264,-0.10563090495919175,0.027880886031136167,0.11728157527444852,-0.15392154451077972,-0.0012263205974455682,0.20582265824860546,0.07723490313768001,0.009222893879454373,0.02184267753992733,0.0,-0.06439438058586236,-0.6344678511893306,0.07029442575156633,-0.5658453508725019,0.009301575674161858,0.0,0.20813847176052683,0.12082244166141609,0.016007720639350548,0.1285005843448273,0.03218921284190801,0.6785594227058631,-0.4687281556370983,0.41351765091229054
LRC,0.18206674468581965,0.45527358236104903,0.24152152719835202,0.23454938148068433,0.1741245497522545,0.252468896958952,-0.0,0.2251978752818607,0.5510233347087445,-0.15758866151260506,0.2742113635042294,0.553103608552728,0.21276900120398717,0.04210954016384423,0.3884899786106297,0.5262679582039517,0.14797565735753368,0.30179336300091675,0.37068485371243187,0.059889991487567,0.2560633358757442,-0.0,0.29175124539444053,0.3885785187296079,0.26380496030013034,0.0,0.022125758101531976,0.1333052640591468,0.32062973200007033,0.36205003351745635,0.27215701047281476,-0.5972579281215165,0.29792407490812844,0.318031560162597,-0.1375149135326891,-0.03072738052888878,0.023373056105174164,0.0,-0.1737753390539077,0.23133365424993535,0.0620882022557301,0.2646329835462555,0.5403063373736848,0.030033713941230528,0.1944658546948613,0.20388620304678728,0.05657832123277153,0.11290138902282557,0.01832341640523427,0.17985431610186292,0.028165411329678897,-0.060528551367858945,0.4199000543999247,0.1069674080546153,0.3338552635960008,0.4173902880285234,0.18838117711315597,0.0,0.23119775746015822,-0.018074351031667574,0.24950149003312178,-0.005336229114520419,0.07862038902821195,0.0,0.00732210586513507,-0.06712900235119361,0.12161970807338189,0.03392873286559736,0.007974551461015597,0.39278386275648575,-0.058010506457312906,0.39006270108622476
ONE,-0.17984115697537495,0.09359860942423442,-0.17393656371603877,-0.0700077756679421,0.15359339247495263,-0.14399902783437207,-0.0,-0.1504785339040465,0.4677386164548649,-0.15308565722019396,0.14846218218512622,-0.07235057490336799,0.3264468287134118,0.19720240113157733,0.0346524865193137,-0.19208023225834797,-0.20799233802717373,-0.03215292730063446,0.04043612342047097,0.4839792733315072,0.48111388635763475,-0.0,0.25031377046971404,-0.10728418021121909,-0.00896112361233899,-0.022125758101531976,0.0,-0.2428389737245085,0.2347668794242495,0.18081902897514604,-0.34407030193432553,0.19368296344609065,0.20061010236959326,0.4101681740147253,-0.36808326183065043,0.20576626729569075,0.18225268397164474,0.0,-0.10280996417032123,0.10731575208777946,-0.062560094435179,-0.08550895432972966,-0.36235570016714386,0.0744677317182656,-0.10193306708344854,0.17703658496000582,0.06986974626073751,-0.05700119800134089,-0.1403575458316117,0.036075633155821116,-0.29020603732707406,-0.1979033905609464,-0.1422211972871506,0.18456981280674256,-0.15798595437816734,-0.0018965075917519725,-0.32315956396341944,0.0,0.10569702383885146,-0.3993929901704675,-0.3115782306085801,-0.23486839566647766,-0.013488667929622083,0.0,0.2983335627469383,0.23795308232153248,0.11186810417925941,0.17171015117474936,-0.21595533958409918,0.3681233507300725,-0.13089312862258917,0.15902093717989071
SXP,-0.3693027155191556,0.2457974061476797,0.019057655342037516,-0.15015947940254984,0.09239741296887205,-0.039189360955084046,-0.0,-0.19629517386108666,-0.03611093030512623,-0.09018941128035315,-0.05567900314282765,-0.3976810535099616,0.3572796940600439,0.013455436475974442,0.20111875171402185,0.23061848142563435,-0.10806515363357398,-0.13622773689847475,-0.4130569380562009,0.1371469034097949,0.40722790136340725,-0.0,0.08147351664081375,-0.16983102405090947,-0.09383983971794985,-0.1333052640591468,0.2428389737245085,0.0,0.047681908949709105,-0.09710755382263031,-0.3175977748438987,-0.2532273651185575,0.14095089799617297,0.40702372041586,-0.5815970715448839,-0.14627308223831842,0.18005674651673859,0.0,-0.12749765586073886,-0.12168984949095255,0.14341625494804003,-0.12946064759510173,-0.13416696025064395,0.06716532421909142,-0.048489372964917746,0.12551141177842312,-0.28557963936541336,0.10523247008726111,-0.24233353347678233,-0.39936903235382254,-0.22311915192439818,0.009175738747340255,-0.4168789263569007,0.28432611423284354,-0.23849234637442757,-0.38621219690965386,0.08407845113924006,0.0,-0.27432212651697885,-0.5022489316029947,-0.11495469198977747,-0.46254229220225457,-0.0827028130422657,0.0,-0.12901976937929044,0.18779471256819008,0.04103751326001513,-0.16607147437466407,0.41532239418530226,0.45368264437569694,-0.08781452303337926,0.09125102483384434
KAVA,0.13316071796289253,0.3492357564791764,0.017647573073812955,0.0015408915553220166,0.013737099284542045,-0.28515205633522966,-0.0,0.04624357426100324,0.3571879060531125,-0.45780416191997664,0.4120161703495111,-0.0017781911403242923,0.05431855023694604,-0.34874189776717446,-0.14517273226444308,0.1729371796304803,-0.25491694294648215,0.1832652574854649,-0.0249165582235065,0.1738432961436536,0.49009478996623035,-0.0,-0.033846885826207,-0.20555831193290564,-0.07728409183831163,-0.32062973200007033,-0.2347668794242495,-0.047681908949709105,0.0,0.3816081174161804,-0.18565282813474604,-0.17108429306497133,0.05468167813992952,0.18772105255752242,-0.1479502835278943,-0.15206778647940392,0.209056399425359,0.0,0.11612380574756258,0.20801372197322684,-0.1443863706070278,-0.09132741428939303,-0.012290176966538974,0.07326978226377555,-0.06784182151302898,-0.052341004859322485,-0.2014845382340011,-0.11324099969458892,-0.014212099651877003,-0.046731226881604554,-0.032781247561964696,-0.36061186273050716,-0.0526514077016698,0.01455796073917684,0.050070188736974997,-0.1678650719100125,-0.071357153189672,0.0,-0.06616530790788877,-0.42129977239320276,-0.05970379151888362,-0.45303560718059954,-0.09602027556943009,0.0,0.30039882858074685,0.025165877792857824,-0.07641910719450606,-0.015348460775149037,-0.15466101069891777,0.5294336767951147,-0.2929663592355675,0.047870134966325736
AXS,-0.32206665347411345,-0.5329642624134155,-0.46493829116474084,-0.6823800786987005,-0.18787978694344973,-0.42706208660289935,-0.0,-0.35445233171603385,-0.1751176971573633,-0.1743841351121847,-0.342168357311712,-0.04657827362580421,-0.14679666298921354,-0.18595153023372982,0.22256285303004,-0.29420944291273543,-0.5127977793336712,-0.4002391967611817,-0.6268499852625432,-0.21443485179102945,0.020652122311978133,-0.0,-0.27294669698812585,-0.5283735628885221,-0.33400720655815663,-0.36205003351745635,-0.18081902897514604,0.09710755382263031,-0.3816081174161804,0.0,-0.6220169393444852,-0.16933852073993175,-0.34183436756905883,-0.19408084472102227,-0.4324950034495183,-0.38937918964790114,-0.34652982009726246,0.0,-0.17177657940403623,-0.5062782049532972,-0.36232370570302574,-0.25717135417792614,-0.375974626192821,-0.2843569054270964,-0.47302429599135576,-0.3911448053455221,-0.6447239539388141,-0.10801669326179923,-0.4476248518806968,-0.18284865480766407,-0.4753073470770301,-0.4794229100191984,-0.5517546336425281,-0.19146783916933077,-0.4331431994942731,-0.2374894283064151,-0.3543470310955791,0.0,-0.3994292741850876,0.12645966834691047,-0.37258459557141865,-0.6488486747062647,-0.41525143934496767,0.0,0.028641166656447045,-0.35059756213426935,-0.358048339152006,-0.23037760785011308,-0.3023251920431289,0.11303553450119457,-0.09434893160900591,-0.22513162660250877
ADA,0.33117944137642774,0.4835018718305704,0.14455248064651105,0.12292978805101185,0.22247678070747778,0.24802908747390534,-0.0,0.1449189754822765,0.20845028696850354,-0.11617160020393891,0.44498491707042753,0.5607894324300857,0.4358529111142046,-0.11685255568146072,0.3696197192512629,0.2190426564491878,-0.18865659493517656,0.39549156640025823,0.22522849724317145,0.3763813002890619,0.6041657535069316,-0.0,0.4535103313511262,0.2775730718501276,0.23231497147914754,-0.27215701047281476,0.34407030193432553,0.3175977748438987,0.18565282813474604,0.6220169393444852,0.0,0.004569837886599509,0.38744929458416416,0.3249933376039455,0.24799888982919863,-0.09780443636140236,0.33407544906271675,0.0,0.37727780475735906,0.5568178807727538,0.2531803335788113,0.14394744850618016,0.28199034053044447,0.42921425022705145,0.1268601117670905,0.22661190694138025,0.009022074262931862,0.11861946755465011,0.30921475673881044,0.1164888047956886,0.06443060683043743,-0.001435461119109055,0.19779215237406378,0.31964319112034695,0.09930417662623969,0.32680448540736645,0.11961061583613536,0.0,0.30513311937509086,-0.19192968990208983,0.3023461632641251,-0.3535337818171823,0.051996998135003,0.0,0.5359900371847917,0.4771817076174827,-0.03053574230968778,0.0405516067465084,-0.1578573204049385,0.6776655515927046,-0.14187475447231143,0.5185709048131166
SOL,-0.26176388952452934,0.21359559271381787,0.1178705505392463,0.1787775284105251,-0.0036851026122749486,0.06277212901302269,-0.0,0.19678120808045016,0.3246819619368571,-0.17545489331349337,0.09454585188162651,0.1856749241787617,0.2772468101022607,0.14844812196309456,0.5578479970215936,0.3159781645593421,0.2762141876704652,0.1541797850872733,0.35216980260741576,0.058344488067673714,0.24218497314515103,-0.0,0.4046305283511636,0.030211663664287416,0.16872746471487582,0.5972579281215165,-0.19368296344609065,0.2532273651185575,0.17108429306497133,0.16933852073993175,-0.004569837886599509,0.0,0.15649029067733872,0.4463955559140188,-0.6703056610950398,0.4362978631784581,0.20308147603950305,0.0,-0.34072184725614574,0.20108481073646495,0.0001927913844762194,0.3392080473026056,-0.17818944736994263,-0.08751107711462658,0.04618675144122675,0.34879450197208034,0.16396519863025183,0.12553183641854085,-0.07291712872423825,0.20963985132419521,-0.0013940785075592169,0.2492356653831451,0.4064150031732059,0.13568362146193008,0.023675687637875337,-0.017918969079579072,0.026868925282583306,0.0,0.05211543126271681,-0.20843437068513893,-0.2381491790375573,0.24390655287313312,0.04590813825584596,0.0,-0.33742989486323616,0.052102855287160056,0.05504179770869777,0.48699095549815435,-0.08714719028914364,-0.0402237089827087,-0.15657134139596746,0.2801748801863389
ONT,-0.038838357722446634,0.08311483771940748,-0.060395564851791816,-0.32517388374579725,0.09843640924743834,-0.4067362211025988,-0.0,-0.14774806106600186,0.13644777626827545,-0.2834195443340265,0.17114680819248648,0.006390008473362005,0.07410527245224162,-0.3807985145653059,-0.07286431886448677,-0.07272611690375008,-0.43448482908750996,0.04208592650690287,-0.2270763121171837,0.1436605285135026,0.522606883105087,-0.0,-0.0024895139058386632,-0.34909615806100613,-0.14833377502681133,-0.29792407490812844,-0.20061010236959326,-0.14095089799617297,-0.05468167813992952,0.34183436756905883,-0.38744929458416416,-0.15649029067733872,0.0,0.20690333422157564,-0.2368712227689435,-0.15483705319260754,0.2326823078779601,0.0,0.07008872044548936,0.02100513279108481,-0.12696139929750994,-0.04750384330392812,-0.1509460076857849,0.02544603390112471,-0.12321632390400925,-0.057743790473939974,-0.3503085218719794,-0.10214663107644704,-0.23172533172090481,-0.07931006451936529,-0.0017394320541029573,-0.3345216463902656,-0.2712890441504032,-0.14365291526733615,-0.1433447599609627,-0.18795727239175108,-0.1337986311508194,0.0,-0.25982132175692696,-0.507100471121542,-0.20791731560817672,-0.7744172524073272,-0.15533133364174576,0.0,0.32076468584587603,0.08481132950703008,-0.11342811866580413,0.00232611976530811,-0.3071919580682039,0.6683218892890241,-0.3066414580183756,0.08997924009702338
ETC,-0.02181987566759963,0.08544822908781141,-0.1344795809833074,-0.15084697533907573,-0.06654936548818524,-0.6254122839206163,-0.0,-0.16239947000452193,0.30083465844804774,-0.37402394862273,0.25194497238625524,0.09414332252969866,-0.27945249337267003,-0.32901940498836457,-0.4986604663149971,0.047407386678304124,-0.2580719248474156,-0.04385034866698906,0.0207413753563251,-0.21202633252173336,0.2964710725167372,-0.0,-0.19642452684507994,-0.1637484100383299,-0.16377131120366145,-0.318031560162597,-0.4101681740147253,-0.40702372041586,-0.18772105255752242,0.19408084472102227,-0.3249933376039455,-0.4463955559140188,-0.20690333422157564,0.0,-0.22555086118053796,-0.24456330485065292,-0.06812199829527232,0.0,-0.19428087451913412,-0.07875860452199154,-0.3722771416810573,-0.2547300332560114,0.011681002755126499,-0.16842468292352064,-0.1266124621274909,-0.17171774439616144,-0.31474864652411905,-0.18425721719899285,-0.3248509870423155,-0.1434346549832461,0.012513773342528345,-0.4113798973780627,-0.042781594961291136,-0.28114046640396906,-0.03771749746743544,0.13306877645075438,-0.12615861321618727,0.0,-0.02744630007983706,-0.4740034764981905,-0.08886998660132331,-0.719828971630614,-0.23182386400128835,0.0,0.07164508472533442,-0.2763528184273897,-0.24833539902170942,-0.14894420174713108,-0.1554009538728278,0.48744858841872457,-0.14564138305374916,0.023444970461055786
MANA,-0.0897812066772562,0.35310293136884796,0.051268857851663865,0.5002439100423601,0.2652171339894848,0.013852305331186497,-0.0,-0.02422882041647638,0.2763508891544208,-0.15011794265284717,0.14853933151686916,0.030290838321595247,0.2609298421125446,0.4421454638987789,0.30809103218980105,-7.841930098943795e-05,0.5746976557500003,0.11350251711968393,0.2553855431510462,0.5583764883607335,0.22125817587036942,-0.0,0.16289120431433898,0.08924381255561549,0.03298608559974517,0.1375149135326891,0.36808326183065043,0.5815970715448839,0.1479502835278943,0.4324950034495183,-0.24799888982919863,0.6703056610950398,0.2368712227689435,0.22555086118053796,0.0,0.2728756741480546,0.2222734136056127,0.0,0.43051264807496353,0.24338479335633834,0.3461803926100177,0.13671158171114753,-0.4782664979511072,0.3432444186812308,0.30064350267738155,0.24470674178580581,0.4494615780016595,0.6416403075559175,0.20700104190564286,0.32284718708708304,-0.07427370681019771,0.1906245778610258,0.216554158321656,0.28816720592048073,-0.05751303276247899,0.08497061167478216,0.09463404321342143,0.0,0.14251587196050391,-0.47473807805730883,0.15751267546591766,0.10124431244899279,0.35010719622024256,0.0,0.14110796843670806,0.35911841246671367,-0.011155119470220798,0.39484171249082856,-0.07759686575435318,0.03500768395612816,-0.38845950593277345,0.4625222017512708
SNX,0.05604337490404543,0.43161490698391825,0.20113391115584645,0.1813835273074525,0.058522425163429065,-0.0063673247482720075,-0.0,0.19397082401363247,0.4009638645289074,-0.2829089890548038,0.3114261288039079,0.25905176858637524,0.0912920718870881,-0.1845686238355997,0.1162977533816606,0.5920209569317543,0.1067772271524039,0.37528596562924144,0.2486781698129208,0.1316541169817182,0.3150423508399354,-0.0,0.1928013615821515,0.009818461418239666,0.034468444387645125,0.03072738052888878,-0.20576626729569075,0.14627308223831842,0.15206778647940392,0.38937918964790114,0.09780443636140236,-0.4362978631784581,0.15483705319260754,0.24456330485065292,-0.2728756741480546,0.0,0.22289221051967928,0.0,-0.027919251258280126,0.29788793637855965,0.006372660205138658,0.2375766422523336,0.25671285169737273,0.09679889945918191,0.15911415538860693,0.09704496767303447,0.06221164462034817,-0.03029120821044136,0.049848988826915214,0.25661872515923134,0.1206758466182231,-0.01763244931353919,0.3972643372422553,-0.09510967497702238,0.26786035580695366,0.12022333322011985,0.11368541014197411,0.0,-0.005771851501481073,-0.275459873758736,0.14768977070357686,-0.1307118210179457,-0.038779396395565255,0.0,0.10712436093582207,-0.005425344386105244,-0.027994317493621634,0.1695177937388496,-0.1481388331356089,0.28143652330087576,-0.22446652288257607,0.08225911461995375
ZEC,-0.07228211053270783,0.19692982914997254,0.02687710257186704,0.06670654084081021,0.13535072327043574,-0.48030208890258097,-0.0,-0.17907577770099498,0.33667850286374085,-0.04409669093603413,0.12579834891707722,0.10556032919166894,-0.09538498394733753,-0.18076295166054468,-0.21785637707242383,0.10673313185161264,0.11067925583843166,0.009420577858291534,0.09319603693127179,-0.07651764642920073,0.166941082827871,-0.0,-0.06378053179361656,-0.11640114488282302,-0.18369127255172554,-0.023373056105174164,-0.18225268397164474,-0.18005674651673859,-0.209056399425359,0.34652982009726246,-0.33407544906271675,-0.20308147603950305,-0.2326823078779601,0.06812199829527232,-0.2222734136056127,-0.22289221051967928,0.0,0.0,-0.01252114956893463,-0.06343033017211447,-0.03915077324703234,0.01700412366551446,-0.26458294459457177,0.027196061351045797,0.34144174791888676,-0.13912695038943584,-0.09712768325299498,-0.11983773849538476,-0.07211110670310633,0.03114268079411181,0.09845992150950636,-0.06786984248762201,0.24103443191367327,-0.34410466418432323,-0.1040699360269742,0.2424673444384074,0.16293818017213296,0.0,-0.06685272995916294,-0.39757403760341,0.1274036684840854,-0.5154677818478539,0.024517378784812374,0.0,-0.014164450754331495,-0.09437324148229748,-0.2703230929811423,-0.07034816635614591,-0.1577638718649209,0.18343512820976965,-0.21063303921240717,0.015014216361059984
CFX,-0.0,-0.0,-0.0,-0.0,-0.0,-0.0,-0.0,-0.0,-0.0,-0.0,-0.0,-0.0,-0.0,-0.0,-0.0,-0.0,-0.0,-0.0,-0.0,-0.0,-0.0,-0.0,-0.0,-0.0,-0.0,-0.0,-0.0,-0.0,-0.0,-0.0,-0.0,-0.0,-0.0,-0.0,-0.0,-0.0,-0.0,0.0,0.0,0.0,0.0,0.0,0.0,0.0,0.0,0.0,0.0,0.0,0.0,0.0,0.0,0.0,0.0,0.0,0.0,0.0,0.0,0.0,0.0,0.0,0.0,0.0,0.0,0.0,0.0,0.0,0.0,0.0,0.0,0.0,0.0,0.0
YFI,-0.3895649098423509,0.08207325790001008,-0.05230562419089019,0.11953212769229885,0.16236504807019805,-0.20962991601334258,-0.0,-0.20168112829155543,0.11832297634872602,0.11463080127470737,-0.10206247697729831,-0.1958475588839483,0.24217809995206488,0.15869995840888737,0.193724249296976,0.07351503613799766,0.3209905076230407,-0.12444191593762727,-0.06950667263140982,0.264155705609592,0.21461717014960677,-0.0,0.09587205582310485,-0.1978504542399288,-0.19152412096333737,0.1737753390539077,0.10280996417032123,0.12749765586073886,-0.11612380574756258,0.17177657940403623,-0.37727780475735906,0.34072184725614574,-0.07008872044548936,0.19428087451913412,-0.43051264807496353,0.027919251258280126,0.01252114956893463,-0.0,0.0,-0.059329097287981,0.11671380997148326,-0.022643854487000292,-0.5211165298849079,0.1754501114499666,0.04030942560238346,0.05538843035825894,0.013715810678111229,-0.056496713868001744,-0.07080723344218139,-0.030099657457080653,-0.2754448414022157,-0.06622088601232881,0.0664783995448249,0.08141408621069454,-0.26813635710459127,-0.09677109243103818,-0.11921949788554848,0.0,-0.13083314921436118,-0.34280222163621443,-0.017806174800220037,-0.11834697824785885,0.28734921356155774,0.0,0.02909485787580366,0.04120241275064355,-0.23547166938168212,0.014968540374049821,-0.16030126664858937,0.04113209481765276,-0.2648955798919988,0.05068098511898779
WAVES,-0.31599023669977555,-0.0020570107878776778,0.03202269970227695,-0.25861661704048095,0.031549455676680715,-0.3956327821402394,-0.0,-0.25321733564623466,0.037525956021068466,-0.07184332792912848,-0.0739579754136699,0.07286661482395969,0.07245984933551158,-0.21637385784710852,-0.034006629198837846,0.11237355964671208,-0.1511358090353772,-0.051337191516116154,-0.2691094302870494,0.02309423933610691,0.3634050105193466,-0.0,0.024063498765582086,-0.3236757481091367,-0.25399363117082474,-0.23133365424993535,-0.10731575208777946,0.12168984949095255,-0.20801372197322684,0.5062782049532972,-0.5568178807727538,-0.20108481073646495,-0.02100513279108481,0.07875860452199154,-0.24338479335633834,-0.29788793637855965,0.06343033017211447,-0.0,0.059329097287981,0.0,0.038159572607656844,0.015043108433821867,-0.2964453060927459,0.21540003877173639,-0.16590722915283054,0.017546401038441434,-0.28033423751348574,-0.1654820227613401,-0.22077878429044556,0.044225505609201826,-0.11181655723434178,-0.32059075301688345,-0.03912850970113993,-0.3422298027190538,-0.25247084670577097,0.010527562367601676,-0.1482204685545182,0.0,-0.16281286972762382,-0.45843437209086385,-0.02798167251976666,-0.8760268330239542,-0.12357460151808336,0.0,0.2727235417198747,-0.044502022834167126,-0.25563769796133795,-0.05760884148392212,-0.4216704219663055,0.492969925580138,-0.2227192377806255,0.009104556996163318
LTC,-0.2244376396933176,0.2227506630319122,0.010571202898494836,-0.07622599510194174,0.26945183653485383,-0.16925459479917274,-0.0,-0.2661747454637955,0.38972567246531314,-0.1448217458547245,0.0967844951041094,0.24565471042484252,0.2698779786995494,0.1056030652430556,0.0691615051135314,0.10111543319324932,-0.15081192327354767,-0.020908122053097618,0.09456049743363587,0.29656044513801766,0.422648679933436,-0.0,0.21212160571061145,0.020254063643535575,0.03867008228844618,-0.0620882022557301,0.062560094435179,-0.14341625494804003,0.1443863706070278,0.36232370570302574,-0.2531803335788113,-0.0001927913844762194,0.12696139929750994,0.3722771416810573,-0.3461803926100177,-0.006372660205138658,0.03915077324703234,-0.0,-0.11671380997148326,-0.038159572607656844,0.0,-0.09862093717911952,-0.12373878763322627,0.08953621499814171,0.0014106677486193375,0.1543559015645918,-0.09703196243894718,-0.014648676827645613,-0.13553746934136915,-0.024907297053049976,-0.22258558550630003,-0.18817323209907386,-0.0787630856230744,0.034596301070342436,-0.19402115200674688,0.2163607530216612,-0.1401448798997024,0.0,0.04030678419438844,-0.3208113075562306,-0.08799292407049697,-0.49363137360023146,0.04997862579716894,0.0,0.1767671575398342,0.19812437516021097,-0.014194135193730723,0.0250523941893024,-0.2167763375369488,0.5112673010385824,-0.21408791875053476,0.2538344926751525
CHZ,0.07965078570151213,0.6169529992108831,0.20018024711186125,0.13305099062948858,0.27981126636076886,0.012004581489243174,-0.0,-0.21421856693987656,0.4562239482530322,-0.19656184528285303,0.1306706681767591,0.26108645681118337,0.2283839363293171,-0.05756063517933577,0.3692143508921186,0.05891471970984849,0.04579070190867207,-0.030318175464325026,-0.00026424443829112243,0.17778325453061694,0.24112933719872098,-0.0,0.03095837911504523,0.18692446050084593,-0.01099252738907297,-0.2646329835462555,0.08550895432972966,0.12946064759510173,0.09132741428939303,0.25717135417792614,-0.14394744850618016,-0.3392080473026056,0.04750384330392812,0.2547300332560114,-0.13671158171114753,-0.2375766422523336,-0.01700412366551446,-0.0,0.022643854487000292,-0.015043108433821867,0.09862093717911952,0.0,0.011909408328143967,0.10264733570951581,0.3861924056934368,-0.1013520773098914,-0.14246669233902431,0.14188705401556478,0.04593105069494462,0.05234084808250104,-0.08182988890351037,-0.10977466594716215,-0.09650570602891598,-0.04244915890717796,0.016754401857930867,0.17999462740965677,0.190126472312702,0.0,0.11385910135955746,-0.1611065873642934,0.06260940085297555,-0.3969540278115652,-0.019088900404698197,0.0,0.12778705332821963,0.08464131849354894,-0.15290669486088815,-0.14359139873800114,-0.11222136767265803,0.3336478269202715,-0.18884608101450678,0.2924022710777879
XLM,0.2172382020017377,0.2547551742645993,-0.14180674942929977,-0.016152349726814452,0.06357678304242173,0.057414816115982356,-0.0,-0.010259213855104012,0.13102032218352244,-0.043135011665897866,0.19430579397147563,0.24070907574605438,0.17999807857731293,0.08190768153115664,0.05485572924922419,-0.1439014394964766,-0.1242529487602816,0.2140547766646541,-0.09970021469419396,0.3307534691780644,0.3585955053744594,-0.0,0.19586721105858562,0.016184087614819792,-0.027651737729487133,-0.5403063373736848,0.36235570016714386,0.13416696025064395,0.012290176966538974,0.375974626192821,-0.28199034053044447,0.17818944736994263,0.1509460076857849,-0.011681002755126499,0.4782664979511072,-0.25671285169737273,0.26458294459457177,-0.0,0.5211165298849079,0.2964453060927459,0.12373878763322627,-0.011909408328143967,0.0,0.3911098380987876,0.03800531571578766,-0.05437578013751989,0.02898485376466349,-0.012429122741011378,0.1313672478379934,-0.09151138459576445,0.010819585436630821,-0.16825120506238955,0.030359960955590404,0.2522058111512191,-0.17835582203398484,0.14958913979696017,-0.04485425887174338,0.0,0.1277844291848575,-0.2096851479381477,0.3049912222396935,-0.31814161273521546,0.09023049643382774,0.0,0.6698968226362823,0.36088178254471304,-0.05795884054018201,-0.13843787206243988,-0.08811793332286026,0.42815086441669636,-0.1186908418555628,0.16822932368453258
COTI,-0.40441255807095006,-0.22705638422789978,-0.1390197084379109,-0.2914757752341468,0.0023906950907650604,-0.22254164219564698,-0.0,-0.10261490873535728,0.12573216765584277,-0.021056964798950806,-0.15352395346179393,-0.05830970106030069,0.16037412035264176,-0.012083789866680385,0.13298864380727068,-0.06633308627334245,-0.17601699940268933,-0.13919681345716498,-0.22297682859577886,0.10825417526264725,0.2323630444569426,-0.0,0.05645173897813677,-0.2617448528023922,-0.08279609553283886,-0.030033713941230528,-0.0744677317182656,-0.06716532421909142,-0.07326978226377555,0.2843569054270964,-0.42921425022705145,0.08751107711462658,-0.02544603390112471,0.16842468292352064,-0.3432444186812308,-0.09679889945918191,-0.027196061351045797,-0.0,-0.1754501114499666,-0.21540003877173639,-0.08953621499814171,-0.10264733570951581,-0.3911098380987876,0.0,-0.1420391162079591,0.06343560652393092,-0.2083441012191978,-0.1894274118982035,-0.276923357593014,-0.14445015218782303,-0.33576458316764235,-0.2681713948325093,-0.15275401438411904,-0.06725703466619279,-0.3669542724827485,-0.2556485985188501,-0.21934413305694264,0.0,-0.2204790694107503,-0.28959064437413784,-0.2949635953610432,-0.320378138680766,0.01796195584573626,0.0,0.13100942102213847,-0.05615574398049046,-0.03548936999195321,0.0013518916451358831,-0.3336099522378833,0.25811898855077636,-0.1688746645665199,0.103596459719761
DOT,0.24889677680220715,0.1765676481915877,-0.046334780116871366,0.23638855277356924,0.16736386122534785,-0.07622681521237903,-0.0,-0.0902264258746795,0.348023754226887,-0.2492017939106516,0.3294567143902599,0.21155939841318325,0.11973237506384866,-0.022213642631297048,0.06137960002954414,0.1368750269880736,-0.23873509377972804,-0.10345444896061017,0.20427346647023747,0.14909672088600118,0.1494723182798657,-0.0,0.02722953815919562,0.24713690553787365,-0.004838618974359087,-0.1944658546948613,0.10193306708344854,0.048489372964917746,0.06784182151302898,0.47302429599135576,-0.1268601117670905,-0.04618675144122675,0.12321632390400925,0.1266124621274909,-0.30064350267738155,-0.15911415538860693,-0.34144174791888676,-0.0,-0.04030942560238346,0.16590722915283054,-0.0014106677486193375,-0.3861924056934368,-0.03800531571578766,0.1420391162079591,0.0,0.11931364265481055,-0.1327963232254813,0.2013673317474437,0.20240869416433316,0.09957324492388339,-0.3557136541683863,-0.26130800118832953,-0.21075695318477786,0.02130522599591267,0.14618517635312397,0.35484056244464524,-0.07416304095049621,0.0,0.5033516319287271,-0.2370786403908991,-0.07378836034499017,-0.39045063789866774,-0.1285487170602651,0.0,0.031567771683089565,0.08313882512426131,-0.183361902277502,-0.09576361914748967,-0.11795129682784103,0.27150558306102757,0.11230397170685731,0.2449334259111457
OMG,-0.10389641268904003,0.05304329197906807,-0.04093208856174771,-0.33724983831450234,0.07254096792330338,-0.21095750595313686,-0.0,-0.07513411334423625,0.2515950150676357,-0.3317079197801093,0.02084512767883012,0.1941223475067681,0.049354819134606154,-0.2618358882989611,0.11360107167925576,0.08167307269983112,-0.2480020283747231,0.1394201072593204,-0.09646847635297373,0.177676806497862,0.35465304948861553,-0.0,0.08682371663695837,-0.30400679626108584,-0.1282720905789114,-0.20388620304678728,-0.17703658496000582,-0.12551141177842312,0.052341004859322485,0.3911448053455221,-0.22661190694138025,-0.34879450197208034,0.057743790473939974,0.17171774439616144,-0.24470674178580581,-0.09704496767303447,0.13912695038943584,-0.0,-0.05538843035825894,-0.017546401038441434,-0.1543559015645918,0.1013520773098914,0.05437578013751989,-0.06343560652393092,-0.11931364265481055,0.0,-0.2379223354697688,-0.02166247622659117,-0.3641533659046992,0.04907897949147726,-0.004850195717011117,-0.33500039111528684,-0.03188865427485987,-0.07838786246994231,-0.0961091569899131,-0.050096540562743666,-0.19446786929778692,0.0,-0.32877028334161024,-0.4890559186711749,-0.1617677921555225,-0.5179868881049562,-0.08288472415212247,0.0,0.22881707707608706,0.02360256090877349,-0.031141740217785603,0.040126774775034735,-0.33771103765708904,0.5333085406683686,-0.2180617420780404,0.1452773952120366
SUSHI,0.0742949162459534,0.1947099522885961,0.18193847602502178,0.18420049417012688,0.11524177358185292,0.10857484059353456,-0.0,0.2551827343499136,0.4466462908122514,-0.2899452563319843,0.3306700462240181,0.20682444034442968,0.3473824137734389,-0.0658313227291573,0.39629568699500495,0.2541086211304916,-0.11745421153425578,0.24917859111391288,0.2215014652331092,0.39384271199628124,0.35399959289454624,-0.0,0.2223073744752257,0.03166671719146475,0.05526286360681684,-0.05657832123277153,-0.06986974626073751,0.28557963936541336,0.2014845382340011,0.6447239539388141,-0.009022074262931862,-0.16396519863025183,0.3503085218719794,0.31474864652411905,-0.4494615780016595,-0.06221164462034817,0.09712768325299498,-0.0,-0.013715810678111229,0.28033423751348574,0.09703196243894718,0.14246669233902431,-0.02898485376466349,0.2083441012191978,0.1327963232254813,0.2379223354697688,0.0,0.0008641560595297054,0.11776154999948331,0.26024785784961835,-0.2169022406510558,-0.16635720256656975,0.15877221838468353,0.011934942799428,0.20490248158333388,0.0871099722355928,0.05488937363028659,0.0,0.11667242547961476,-0.238866475580847,-0.10293447343125273,-0.05909779599826881,-0.06714674398430126,0.0,0.14041838765126327,0.14143034786023662,0.09212802901014697,0.08073704659604214,-0.33788895776335043,0.35248562605101863,-0.11058292385504458,0.2521420177934749
FTM,-0.12207030240687994,0.24994682544175517,-0.07153593188053436,-0.0017084564209293995,0.11003095810820028,2.9761534624264674e-05,-0.0,-0.18180852429580735,0.08387550783330093,-0.25407169719513595,0.1079718651959343,-0.17343792584542886,0.19393117952875352,0.029009078807298902,-0.12253478157145226,0.3867729376072655,-0.22085804284226812,0.10645098149705629,-0.053171319689217685,0.4492564579257262,0.2436997291149233,-0.0,0.15125418041996447,-0.2615422620722814,-0.31976098613473264,-0.11290138902282557,0.05700119800134089,-0.10523247008726111,0.11324099969458892,0.10801669326179923,-0.11861946755465011,-0.12553183641854085,0.10214663107644704,0.18425721719899285,-0.6416403075559175,0.03029120821044136,0.11983773849538476,-0.0,0.056496713868001744,0.1654820227613401,0.014648676827645613,-0.14188705401556478,0.012429122741011378,0.1894274118982035,-0.2013673317474437,0.02166247622659117,-0.0008641560595297054,0.0,0.014686104779150652,0.09306317860848512,-0.13601081201556028,-0.08257894335501234,-0.17704261340237104,0.126420194568831,0.11823950615930268,0.0062680024507208686,-0.26649172710066077,0.0,-0.04804300431681338,-0.4471865676627204,-0.013506579375028138,-0.2894819922640768,-0.28261185725522175,0.0,0.237317485086388,0.3162691352615537,-0.1372756532489968,-0.03958199685602077,0.07640888210882138,0.17339354553549502,0.017627922508512056,-0.3489240092898761
BNB,-0.0954656607855306,0.13409862430157646,0.05316954901080165,0.04434579814474642,0.12919144548459868,-0.17624385730718597,-0.0,0.036096568533672165,0.18921575336484467,-0.06031211794231317,0.23217352952581266,0.1744124340388331,0.2718401261632632,0.01345948954969177,0.1642482194024278,0.22758729166064573,-0.05565817790342653,0.031220670453302513,0.030990560634503297,0.10193574749369698,0.5145784151226448,-0.0,0.2606276352510261,0.010137215409905139,0.10563090495919175,-0.01832341640523427,0.1403575458316117,0.24233353347678233,0.014212099651877003,0.4476248518806968,-0.30921475673881044,0.07291712872423825,0.23172533172090481,0.3248509870423155,-0.20700104190564286,-0.049848988826915214,0.07211110670310633,-0.0,0.07080723344218139,0.22077878429044556,0.13553746934136915,-0.04593105069494462,-0.1313672478379934,0.276923357593014,-0.20240869416433316,0.3641533659046992,-0.11776154999948331,-0.014686104779150652,0.0,-0.0904564400136264,-0.20169129611479575,-0.2227940018860056,-0.025822627581246482,0.10188297625460227,-0.15751369331784448,0.146566751835971,-0.08296098776570929,0.0,0.1691192599403934,-0.34749220590381713,0.05339625277014482,-0.5168033441336236,0.08230841405216209,0.0,0.18952713627228235,0.11388225513600451,-0.009884074330815791,0.058931662748732724,-0.08038771942995124,0.6276216277819116,-0.20536388244875747,0.3294939406461491
UNI,-0.05537201633011677,0.12961593148303532,-0.0005537197428605034,-0.03569216109420709,0.011969718934523255,0.022278170781393887,-0.0,0.08390409721523723,0.1604142307232016,-0.1070980554084564,0.07908632328015522,-0.0400969883042782,0.1125821176647237,-0.17961443596037308,0.3218246780611055,0.4321160759979448,-0.13020545333271316,0.030851802514815813,-0.32435346995771586,0.09386946637388274,0.20862798691622775,-0.0,-0.02553619045619962,-0.1116382628588973,-0.027880886031136167,-0.17985431610186292,-0.036075633155821116,0.39936903235382254,0.046731226881604554,0.18284865480766407,-0.1164888047956886,-0.20963985132419521,0.07931006451936529,0.1434346549832461,-0.32284718708708304,-0.25661872515923134,-0.03114268079411181,-0.0,0.030099657457080653,-0.044225505609201826,0.024907297053049976,-0.05234084808250104,0.09151138459576445,0.14445015218782303,-0.09957324492388339,-0.04907897949147726,-0.26024785784961835,-0.09306317860848512,0.0904564400136264,0.0,-0.3197888787371995,-0.25810619637735216,-0.3784190632166576,-0.24093147125133907,0.11693726073453195,-0.32755050239718925,-0.007353116800886628,0.0,-0.00806885912450342,0.017229753324393138,-0.051982692955482634,-0.31622422119197086,-0.12967083747011976,0.0,0.38191604385943184,-0.18507887898907815,-0.0949217559759516,-0.03298598022969082,-0.1987522703694506,0.2707424016751826,-0.22316848204633272,-0.09671884828118445
STX,0.008792605991748581,0.4217769333771061,0.19028236013339986,0.2508622704137806,0.3226115750863765,0.07079933548639465,-0.0,-0.1667498486472886,0.2759921593242283,0.1194159260099088,-0.06555255644234867,0.35197653951875907,0.1369415422826545,0.18030574414918724,0.1435119359418509,0.33287217979903827,0.3211983107624622,0.14020938123840943,0.19648152062398933,0.26781812551168116,0.0020711193735886806,-0.0,0.1412473588147092,0.16339281872367845,-0.11728157527444852,-0.028165411329678897,0.29020603732707406,0.22311915192439818,0.032781247561964696,0.4753073470770301,-0.06443060683043743,0.0013940785075592169,0.0017394320541029573,-0.012513773342528345,0.07427370681019771,-0.1206758466182231,-0.09845992150950636,-0.0,0.2754448414022157,0.11181655723434178,0.22258558550630003,0.08182988890351037,-0.010819585436630821,0.33576458316764235,0.3557136541683863,0.004850195717011117,0.2169022406510558,0.13601081201556028,0.20169129611479575,0.3197888787371995,0.0,0.02076541174139579,0.3561564292532569,-0.017135596341640497,0.0038202272810329008,0.41452355706492183,0.07362113765654607,0.0,0.06963788274214672,-0.16753179796418116,0.4270879538973467,-0.13854446130232048,0.23189520243337963,0.0,0.20945362849439916,0.12793354654288625,-0.1950391456336141,-0.0010678892888980954,-0.229023982144623,0.07366635365921013,-0.2646236974270826,0.1209399484297422
RUNE,0.17823837396382303,0.4085764733554812,0.1510677389994944,0.16407610377535894,0.39273905514758506,0.10536082465031404,-0.0,0.18703067998731165,0.5518117960510858,0.06119660640299465,0.34524713900114823,0.19902876994892157,0.3457708867937418,-0.0188409972689334,0.09063994458307759,0.46660692155995837,-0.17674476738572958,0.3215927646810928,0.31260377057812516,0.4047771102464374,0.4601736820936564,-0.0,0.3149933818166374,0.27542405230417605,0.15392154451077972,0.060528551367858945,0.1979033905609464,-0.009175738747340255,0.36061186273050716,0.4794229100191984,0.001435461119109055,-0.2492356653831451,0.3345216463902656,0.4113798973780627,-0.1906245778610258,0.01763244931353919,0.06786984248762201,-0.0,0.06622088601232881,0.32059075301688345,0.18817323209907386,0.10977466594716215,0.16825120506238955,0.2681713948325093,0.26130800118832953,0.33500039111528684,0.16635720256656975,0.08257894335501234,0.2227940018860056,0.25810619637735216,-0.02076541174139579,0.0,0.16542686322343414,0.13848556206432205,0.313835146844814,0.2402373927020674,0.049561130915598856,0.0,0.19532231874122957,-0.37927912987972856,0.2282484127594636,-0.3644326319464034,0.08183485864098305,0.0,0.4338548273957206,0.1744219454511909,0.16762264788749712,0.14222313693543254,-0.0974767836634037,0.6136558500308262,-0.38282143952948083,0.38193041853643483
THETA,-0.019052097912280283,0.20174501530126693,0.1949000650077233,-0.09539122021438282,0.13428185330950365,0.10738778136044547,-0.0,-0.16643382883817923,0.32225883067966626,-0.14148529956863706,-0.02602223934859313,0.5051333422677741,0.26911869136155797,0.07524277345280031,0.49531456595718754,-0.12261606733921436,-0.3281709691589092,-0.016741387892149684,0.10035367141835962,0.22456887232628187,0.19017771134749345,-0.0,0.016743940779597427,0.2780925703055928,0.0012263205974455682,-0.4199000543999247,0.1422211972871506,0.4168789263569007,0.0526514077016698,0.5517546336425281,-0.19779215237406378,-0.4064150031732059,0.2712890441504032,0.042781594961291136,-0.216554158321656,-0.3972643372422553,-0.24103443191367327,-0.0,-0.0664783995448249,0.03912850970113993,0.0787630856230744,0.09650570602891598,-0.030359960955590404,0.15275401438411904,0.21075695318477786,0.03188865427485987,-0.15877221838468353,0.17704261340237104,0.025822627581246482,0.3784190632166576,-0.3561564292532569,-0.16542686322343414,0.0,-0.11054750358367413,0.09084091250035355,0.49990667735436134,0.12812195547528235,0.0,0.2207218837519737,0.12308646091882866,-0.02730075048664793,-0.5227666327195393,-0.3081411581461082,0.0,0.13212084223408688,0.04666118062369243,-0.012172984088963668,-0.17847530338208817,-0.45093325509199217,0.3984652979558574,-0.1925210504694399,0.41765996538363237
HOT,-0.14152791493448277,0.2257955185484929,0.05955636418797708,-0.15727914895194,0.11153997524984416,-0.27456676008038616,-0.0,-0.27129993364345384,0.1081639536624491,-0.13320100331510615,0.16102834376688635,-0.06614004793380585,0.2687735425724754,-0.2152365769899958,-0.22701241660216961,-0.18303039464011578,-0.3575259192900101,0.0043623253681824015,0.08545054037110128,0.3234084182923897,0.611895834194796,-0.0,0.09204999266913202,-0.13121106797293164,-0.20582265824860546,-0.1069674080546153,-0.18456981280674256,-0.28432611423284354,-0.01455796073917684,0.19146783916933077,-0.31964319112034695,-0.13568362146193008,0.14365291526733615,0.28114046640396906,-0.28816720592048073,0.09510967497702238,0.34410466418432323,-0.0,-0.08141408621069454,0.3422298027190538,-0.034596301070342436,0.04244915890717796,-0.2522058111512191,0.06725703466619279,-0.02130522599591267,0.07838786246994231,-0.011934942799428,-0.126420194568831,-0.10188297625460227,0.24093147125133907,0.017135596341640497,-0.13848556206432205,0.11054750358367413,0.0,0.06865527265556598,0.10700607238003235,-0.22192206689542582,0.0,-0.006165802848877605,-0.5828063308258381,-0.18370719050339568,-0.5632517663960426,-0.26411949115971034,0.0,0.2698362644033398,0.19326588388282812,-0.12918756481405222,0.04986491809237273,-0.34210842412425935,0.48273820000553,-0.26952094961754036,0.1686383044891344
1INCH,0.13962061421172509,0.30796160141727774,0.17832158587889968,0.02691000717720146,0.15547755350693557,0.06837511657842416,-0.0,-0.038847738811763566,-0.10253247397420563,0.024863927013873743,0.09710991288471865,0.3166445292523806,0.20840899663731333,-0.09880243121129229,0.19058262338925755,0.20075702169453072,-0.155282113961606,0.052979732103197605,-0.12191260092995437,0.04663172473310978,0.28442791254953576,-0.0,0.1309292274825975,0.04235532102700948,-0.07723490313768001,-0.3338552635960008,0.15798595437816734,0.23849234637442757,-0.050070188736974997,0.4331431994942731,-0.09930417662623969,-0.023675687637875337,0.1433447599609627,0.03771749746743544,0.05751303276247899,-0.26786035580695366,0.1040699360269742,-0.0,0.26813635710459127,0.25247084670577097,0.19402115200674688,-0.016754401857930867,0.17835582203398484,0.3669542724827485,-0.14618517635312397,0.0961091569899131,-0.20490248158333388,-0.11823950615930268,0.15751369331784448,-0.11693726073453195,-0.0038202272810329008,-0.313835146844814,-0.09084091250035355,-0.06865527265556598,0.0,0.12457836269594139,-0.034955662101953194,0.0,0.14692273413196746,-0.1740965836681134,0.21757107452353347,-0.4827437205177012,0.06976243478991327,0.0,0.3997747983953942,0.19971468391748284,-0.16378193527721746,-0.21864898662012466,-0.14208354759110187,0.4883886721146275,-0.13409433589640274,0.044456117288577235
FET,-0.12317939167801714,-0.06809768158119839,-0.1341365866654362,-0.31800158362335823,-0.06856969203566025,-0.10322181910617674,-0.0,-0.08447742589508887,0.20959295362270292,-0.2395620390041444,-0.06183571408625945,0.1432014798493984,-0.024895353817953596,0.07523614407453438,0.1908638948117574,-0.2039413810623064,-0.4584200945649602,0.0840415947768445,-0.11532715668060539,0.38499452877278517,0.1621891118151067,-0.0,0.06396726190235977,-0.07798062483098792,-0.009222893879454373,-0.4173902880285234,0.0018965075917519725,0.38621219690965386,0.1678650719100125,0.2374894283064151,-0.32680448540736645,0.017918969079579072,0.18795727239175108,-0.13306877645075438,-0.08497061167478216,-0.12022333322011985,-0.2424673444384074,-0.0,0.09677109243103818,-0.010527562367601676,-0.2163607530216612,-0.17999462740965677,-0.14958913979696017,0.2556485985188501,-0.35484056244464524,0.050096540562743666,-0.0871099722355928,-0.0062680024507208686,-0.146566751835971,0.32755050239718925,-0.41452355706492183,-0.2402373927020674,-0.49990667735436134,-0.10700607238003235,-0.12457836269594139,0.0,-0.4014015627956473,0.0,0.09314256516666626,0.06946770420706048,-0.34318985387414164,-0.5227534454817309,-0.2588311638075817,0.0,0.5492330381316295,0.048775232104729914,0.040515022070766,0.20680323453982027,-0.7407568195762606,0.43835250556120964,-0.3245175117808209,0.15009431239673887
KSM,0.18365921533424429,0.2446102297559284,0.03821341685696866,0.052537212732991403,0.3224157104069672,-0.029452092667066346,-0.0,-0.10021579002864237,0.11432507161959679,-0.022824546608822327,0.17386052128133708,0.21360005436013998,0.16091222233483238,-0.030117331643365886,0.009520313172115772,0.04544261391980713,-0.22648242443303784,0.03113464815357439,0.18780487562437692,0.23697943335530355,0.20653176393215228,-0.0,0.11938452878864365,0.17868541935742727,-0.02184267753992733,-0.18838117711315597,0.32315956396341944,-0.08407845113924006,0.071357153189672,0.3543470310955791,-0.11961061583613536,-0.026868925282583306,0.1337986311508194,0.12615861321618727,-0.09463404321342143,-0.11368541014197411,-0.16293818017213296,-0.0,0.11921949788554848,0.1482204685545182,0.1401448798997024,-0.190126472312702,0.04485425887174338,0.21934413305694264,0.07416304095049621,0.19446786929778692,-0.05488937363028659,0.26649172710066077,0.08296098776570929,0.007353116800886628,-0.07362113765654607,-0.049561130915598856,-0.12812195547528235,0.22192206689542582,0.034955662101953194,0.4014015627956473,0.0,0.0,0.19228277374081326,-0.40485565756547903,0.13382472211933935,-0.525466741858326,0.0267443120562421,0.0,0.12382586365330878,0.3523217751538598,-0.05440956460121077,-0.13350323679189038,0.09861232525799468,0.46833580473633996,-0.06184673177620978,0.33270156863566874
SLP,-0.0,-0.0,-0.0,-0.0,-0.0,-0.0,-0.0,-0.0,-0.0,-0.0,-0.0,-0.0,-0.0,-0.0,-0.0,-0.0,-0.0,-0.0,-0.0,-0.0,-0.0,-0.0,-0.0,-0.0,-0.0,-0.0,-0.0,-0.0,-0.0,-0.0,-0.0,-0.0,-0.0,-0.0,-0.0,-0.0,-0.0,-0.0,-0.0,-0.0,-0.0,-0.0,-0.0,-0.0,-0.0,-0.0,-0.0,-0.0,-0.0,-0.0,-0.0,-0.0,-0.0,-0.0,-0.0,-0.0,-0.0,0.0,0.0,0.0,0.0,0.0,0.0,0.0,0.0,0.0,0.0,0.0,0.0,0.0,0.0,0.0
CRV,-0.025124963781723353,-0.2893328418539929,-0.007182050472055668,-0.20929909409164066,-0.1322919514483739,-0.1886636090042548,-0.0,0.23151670190614307,-0.12366155900872423,-0.25515025050945317,0.16536362417927636,0.04440731000416111,0.021746336717263448,-0.010385191141533329,-0.06276876555869551,-0.02039520045385126,-0.4398676505679818,0.08430505202794233,-0.12788267557764063,-0.013978423109119793,0.2713242144378017,-0.0,0.13763374292634264,-0.19764986744277924,0.06439438058586236,-0.23119775746015822,-0.10569702383885146,0.27432212651697885,0.06616530790788877,0.3994292741850876,-0.30513311937509086,-0.05211543126271681,0.25982132175692696,0.02744630007983706,-0.14251587196050391,0.005771851501481073,0.06685272995916294,-0.0,0.13083314921436118,0.16281286972762382,-0.04030678419438844,-0.11385910135955746,-0.1277844291848575,0.2204790694107503,-0.5033516319287271,0.32877028334161024,-0.11667242547961476,0.04804300431681338,-0.1691192599403934,0.00806885912450342,-0.06963788274214672,-0.19532231874122957,-0.2207218837519737,0.006165802848877605,-0.14692273413196746,-0.09314256516666626,-0.19228277374081326,-0.0,0.0,-0.2202477895440987,-0.2124615753583074,-0.44711874300880383,-0.3126456081528022,0.0,0.06798526555810248,0.10800231955207823,0.18476487465155453,0.22566957841366342,-0.17310514221132445,0.5420408215474278,0.0012414401454261398,0.09370197729437915
IOTX,0.3276702358559118,0.7595091542267984,0.35478145236947256,0.31144390211576084,0.2993782453147191,0.1843025325016898,-0.0,0.34223743079553703,0.2004919924762741,0.0026846104054915054,0.5230485046442854,0.031508605244896674,0.33094296400849976,0.03751315353341712,0.2700726188034972,0.10362521041341086,0.055072391288712164,0.32948161643674323,0.24633100017466522,0.24125942302018688,0.6427677845581088,-0.0,0.23102662543162214,0.5072635196522061,0.6344678511893306,0.018074351031667574,0.3993929901704675,0.5022489316029947,0.42129977239320276,-0.12645966834691047,0.19192968990208983,0.20843437068513893,0.507100471121542,0.4740034764981905,0.47473807805730883,0.275459873758736,0.39757403760341,-0.0,0.34280222163621443,0.45843437209086385,0.3208113075562306,0.1611065873642934,0.2096851479381477,0.28959064437413784,0.2370786403908991,0.4890559186711749,0.238866475580847,0.4471865676627204,0.34749220590381713,-0.017229753324393138,0.16753179796418116,0.37927912987972856,-0.12308646091882866,0.5828063308258381,0.1740965836681134,-0.06946770420706048,0.40485565756547903,-0.0,0.2202477895440987,0.0,0.23460836522943795,-0.14408170569379922,0.3142500645210349,0.0,0.2128568197985014,0.373461474557639,0.49918305603555213,0.38691873008729327,0.4019286380421677,0.768114639452188,-0.7127921483084834,0.8066611907671997
BTC,-0.2560427855272349,0.2670338291271494,0.04812496867417429,0.09888176838980597,0.17013582553091863,0.009255878411874058,-0.0,-0.22964038653142246,0.3904492646314702,-0.00346381024182435,-0.09606275573977147,0.19731419072065573,0.3024559248704794,0.43114686011937964,0.22790840154645292,-0.20845597553869083,0.07913320984332747,-0.06580989935099227,0.14494106913039217,0.4545191020183247,0.21775811822099028,-0.0,0.12275841285580158,0.15191894426996194,-0.07029442575156633,-0.24950149003312178,0.3115782306085801,0.11495469198977747,0.05970379151888362,0.37258459557141865,-0.3023461632641251,0.2381491790375573,0.20791731560817672,0.08886998660132331,-0.15751267546591766,-0.14768977070357686,-0.1274036684840854,-0.0,0.017806174800220037,0.02798167251976666,0.08799292407049697,-0.06260940085297555,-0.3049912222396935,0.2949635953610432,0.07378836034499017,0.1617677921555225,0.10293447343125273,0.013506579375028138,-0.05339625277014482,0.051982692955482634,-0.4270879538973467,-0.2282484127594636,0.02730075048664793,0.18370719050339568,-0.21757107452353347,0.34318985387414164,-0.13382472211933935,-0.0,0.2124615753583074,-0.23460836522943795,0.0,-0.21218860848250637,0.19237180595559872,0.0,0.2634342992480114,0.22062223069110595,0.0419301009752055,-0.16150468790679545,-0.2664704751109172,0.30136588693962424,-0.24383727518352274,0.31680913594007665
AVAX,0.6056585200980448,0.44616734251376566,0.42175202085601055,0.40892227419349025,0.3562937508434947,0.49135803435146497,-0.0,0.42780274723379696,0.18261123910208393,-0.10061238815142745,0.8588774393040685,0.5207576804675732,0.8235569540727492,-0.14976527241705037,0.6953553735471292,0.22744550466708616,-0.30422197557162267,0.46354179654247096,0.5575548495751883,0.3754251284941996,0.8211040604521304,-0.0,0.6219745095711774,0.6009635786105485,0.5658453508725019,0.005336229114520419,0.23486839566647766,0.46254229220225457,0.45303560718059954,0.6488486747062647,0.3535337818171823,-0.24390655287313312,0.7744172524073272,0.719828971630614,-0.10124431244899279,0.1307118210179457,0.5154677818478539,-0.0,0.11834697824785885,0.8760268330239542,0.49363137360023146,0.3969540278115652,0.31814161273521546,0.320378138680766,0.39045063789866774,0.5179868881049562,0.05909779599826881,0.2894819922640768,0.5168033441336236,0.31622422119197086,0.13854446130232048,0.3644326319464034,0.5227666327195393,0.5632517663960426,0.4827437205177012,0.5227534454817309,0.525466741858326,-0.0,0.44711874300880383,0.14408170569379922,0.21218860848250637,0.0,-0.023923610586850656,0.0,-0.16766735761197388,0.6245175727204126,0.2310590712071312,0.1685427821220888,0.07634212113992384,0.6891407969354968,0.06729984730058564,0.8163288203239383
ENJ,-0.2551299605291971,0.6442179412052996,0.21168169040011414,0.2504638399064413,-0.01978553552128183,0.1812185963032509,-0.0,-0.2892699122811767,0.5075155135366552,-0.534607099754898,-0.003259106316481089,0.422972600875672,0.28380234193237064,0.27024002050335727,0.38694538411866214,0.04142627900120617,0.22948239351645508,-0.015584032921222398,0.37670582254811585,0.24627728707078994,0.12604057385015763,-0.0,0.14957275457740368,0.25485356950676497,-0.009301575674161858,-0.07862038902821195,0.013488667929622083,0.0827028130422657,0.09602027556943009,0.41525143934496767,-0.051996998135003,-0.04590813825584596,0.15533133364174576,0.23182386400128835,-0.35010719622024256,0.038779396395565255,-0.024517378784812374,-0.0,-0.28734921356155774,0.12357460151808336,-0.04997862579716894,0.019088900404698197,-0.09023049643382774,-0.01796195584573626,0.1285487170602651,0.08288472415212247,0.06714674398430126,0.28261185725522175,-0.08230841405216209,0.12967083747011976,-0.23189520243337963,-0.08183485864098305,0.3081411581461082,0.26411949115971034,-0.06976243478991327,0.2588311638075817,-0.0267443120562421,-0.0,0.3126456081528022,-0.3142500645210349,-0.19237180595559872,0.023923610586850656,0.0,0.0,-0.22217780120243147,0.21031202314293862,-0.09670019632176027,-0.002915506669194552,-0.1382907380124802,-0.02265954888053784,0.04056482664997468,0.38481557049798765
CAKE,-0.0,-0.0,-0.0,-0.0,-0.0,-0.0,-0.0,-0.0,-0.0,-0.0,-0.0,-0.0,-0.0,-0.0,-0.0,-0.0,-0.0,-0.0,-0.0,-0.0,-0.0,-0.0,-0.0,-0.0,-0.0,-0.0,-0.0,-0.0,-0.0,-0.0,-0.0,-0.0,-0.0,-0.0,-0.0,-0.0,-0.0,-0.0,-0.0,-0.0,-0.0,-0.0,-0.0,-0.0,-0.0,-0.0,-0.0,-0.0,-0.0,-0.0,-0.0,-0.0,-0.0,-0.0,-0.0,-0.0,-0.0,-0.0,-0.0,-0.0,-0.0,-0.0,-0.0,0.0,0.0,0.0,0.0,0.0,0.0,0.0,0.0,0.0
XRP,-0.2104045334158854,-0.1379905637031989,-0.2828239814274174,0.1308609681968737,-0.22372111781780632,-0.39706149832476767,-0.0,0.006109620718765724,0.21747414093936418,-0.08816102605884435,-0.09310581091493988,-0.32992406062421087,-0.13111118694729249,0.1605314260135717,0.1719183196545467,-0.3101425734236764,0.40317033289364385,-0.3763926132620392,-0.3923314771737515,-0.26861609046258983,-0.05029557099493591,-0.0,-0.24245228172919608,-0.3175405871826798,-0.20813847176052683,-0.00732210586513507,-0.2983335627469383,0.12901976937929044,-0.30039882858074685,-0.028641166656447045,-0.5359900371847917,0.33742989486323616,-0.32076468584587603,-0.07164508472533442,-0.14110796843670806,-0.10712436093582207,0.014164450754331495,-0.0,-0.02909485787580366,-0.2727235417198747,-0.1767671575398342,-0.12778705332821963,-0.6698968226362823,-0.13100942102213847,-0.031567771683089565,-0.22881707707608706,-0.14041838765126327,-0.237317485086388,-0.18952713627228235,-0.38191604385943184,-0.20945362849439916,-0.4338548273957206,-0.13212084223408688,-0.2698362644033398,-0.3997747983953942,-0.5492330381316295,-0.12382586365330878,-0.0,-0.06798526555810248,-0.2128568197985014,-0.2634342992480114,0.16766735761197388,0.22217780120243147,-0.0,0.0,-0.4524978080341173,-0.2382100597570994,-0.0304515831915958,-0.17217605460445276,-0.2697173547129613,-0.15109913988602147,-0.1422597737526652
TRX,-0.21157257882922254,-0.042973830653067646,-0.21255497244621605,-0.2933816899317967,0.0673062063812865,-0.42682821786590924,-0.0,-0.18882324026295821,0.38346743789235177,-0.16421421212342416,0.16648269547664382,0.016483642066215942,0.10983846688266502,-0.28187286091107483,-0.13178279904816695,0.1024210268603099,-0.36104940131118957,0.08823411829030939,-0.029329224785756253,0.2681202296583665,0.482635854392551,-0.0,0.21134362434421586,-0.31760437458485946,-0.12082244166141609,0.06712900235119361,-0.23795308232153248,-0.18779471256819008,-0.025165877792857824,0.35059756213426935,-0.4771817076174827,-0.052102855287160056,-0.08481132950703008,0.2763528184273897,-0.35911841246671367,0.005425344386105244,0.09437324148229748,-0.0,-0.04120241275064355,0.044502022834167126,-0.19812437516021097,-0.08464131849354894,-0.36088178254471304,0.05615574398049046,-0.08313882512426131,-0.02360256090877349,-0.14143034786023662,-0.3162691352615537,-0.11388225513600451,0.18507887898907815,-0.12793354654288625,-0.1744219454511909,-0.04666118062369243,-0.19326588388282812,-0.19971468391748284,-0.048775232104729914,-0.3523217751538598,-0.0,-0.10800231955207823,-0.373461474557639,-0.22062223069110595,-0.6245175727204126,-0.21031202314293862,-0.0,0.4524978080341173,0.0,-0.2448903055881809,0.22616362940742538,-0.6093145502881971,0.3938315617105788,-0.2739768258708124,0.021018868676678237
ATOM,0.3523057270065197,0.3339910264984456,0.11600314076691123,0.04946462356575064,0.22377169710252165,-0.1305232821925913,-0.0,0.16744261210113331,0.2931444070982544,-0.3826758549836114,0.4204778663883604,0.08020193868250172,0.10335721013719797,-0.4767866592020916,0.13188306937523092,-0.0634016484005746,-0.09589723472659364,0.285305748231862,0.1553992367185443,0.35220632432540994,0.4093009770104923,-0.0,0.04278995119035793,-0.179983700456392,-0.016007720639350548,-0.12161970807338189,-0.11186810417925941,-0.04103751326001513,0.07641910719450606,0.358048339152006,0.03053574230968778,-0.05504179770869777,0.11342811866580413,0.24833539902170942,0.011155119470220798,0.027994317493621634,0.2703230929811423,-0.0,0.23547166938168212,0.25563769796133795,0.014194135193730723,0.15290669486088815,0.05795884054018201,0.03548936999195321,0.183361902277502,0.031141740217785603,-0.09212802901014697,0.1372756532489968,0.009884074330815791,0.0949217559759516,0.1950391456336141,-0.16762264788749712,0.012172984088963668,0.12918756481405222,0.16378193527721746,-0.040515022070766,0.05440956460121077,-0.0,-0.18476487465155453,-0.49918305603555213,-0.0419301009752055,-0.2310590712071312,0.09670019632176027,-0.0,0.2382100597570994,0.2448903055881809,0.0,0.057609807826415546,-0.13200918459020208,0.48115807303429825,-0.25075993376964756,0.3097774190594499
AAVE,-0.013464714581719266,0.34214413197217786,0.06877231614497298,0.15423686901840433,-0.009970898365993172,-0.12015803392382447,-0.0,0.21536791307454733,0.3742476446403784,-0.29886585443567476,0.20653972804957133,-0.11440824823929349,-0.03595514450530718,-0.2351550862502941,0.0772743448870508,0.6431357033285205,0.20791558018199577,0.2473403662325959,-0.03933271042055635,0.02902749549204192,0.18311386328608492,-0.0,-0.05770020521772884,-0.20358584573103528,-0.1285005843448273,-0.03392873286559736,-0.17171015117474936,0.16607147437466407,0.015348460775149037,0.23037760785011308,-0.0405516067465084,-0.48699095549815435,-0.00232611976530811,0.14894420174713108,-0.39484171249082856,-0.1695177937388496,0.07034816635614591,-0.0,-0.014968540374049821,0.05760884148392212,-0.0250523941893024,0.14359139873800114,0.13843787206243988,-0.0013518916451358831,0.09576361914748967,-0.040126774775034735,-0.08073704659604214,0.03958199685602077,-0.058931662748732724,0.03298598022969082,0.0010678892888980954,-0.14222313693543254,0.17847530338208817,-0.04986491809237273,0.21864898662012466,-0.20680323453982027,0.13350323679189038,-0.0,-0.22566957841366342,-0.38691873008729327,0.16150468790679545,-0.1685427821220888,0.002915506669194552,-0.0,0.0304515831915958,-0.22616362940742538,-0.057609807826415546,0.0,0.14429261597654602,0.18749976482810812,-0.2646963288574304,-0.08873182876684135
DOGE,0.13050850716860166,0.23656190714799005,0.25167120360912115,0.2003985573862592,0.3082649590957527,0.06673338245435093,-0.0,-0.03962992325660501,0.14091563327231743,0.024711494810584766,0.28634614527528085,0.18427415042662773,0.257952486271165,0.07208218105918031,-0.3720104220840448,-0.14831312819655357,-0.029095435723331953,0.29551433865017307,0.612233812414045,0.5631164935236835,0.2684372223222476,-0.0,0.31697305658497327,0.1511910841679923,-0.03218921284190801,-0.007974551461015597,0.21595533958409918,-0.41532239418530226,0.15466101069891777,0.3023251920431289,0.1578573204049385,0.08714719028914364,0.3071919580682039,0.1554009538728278,0.07759686575435318,0.1481388331356089,0.1577638718649209,-0.0,0.16030126664858937,0.4216704219663055,0.2167763375369488,0.11222136767265803,0.08811793332286026,0.3336099522378833,0.11795129682784103,0.33771103765708904,0.33788895776335043,-0.07640888210882138,0.08038771942995124,0.1987522703694506,0.229023982144623,0.0974767836634037,0.45093325509199217,0.34210842412425935,0.14208354759110187,0.7407568195762606,-0.09861232525799468,-0.0,0.17310514221132445,-0.4019286380421677,0.2664704751109172,-0.07634212113992384,0.1382907380124802,-0.0,0.17217605460445276,0.6093145502881971,0.13200918459020208,-0.14429261597654602,0.0,0.35683748108606395,0.13872350659556756,0.22031053750633603
NEO,-0.40296913600625806,-0.09304333009840582,-0.39571177931696044,-0.5059646839994857,-0.19154841469035322,-0.7860453514278858,-0.0,-0.5203013678790309,-0.08440293238592739,-0.18832454361414208,-0.5301197321414485,-0.26890327168669975,-0.6045282084085177,-0.2700404838658772,-0.46393713615913357,-0.3492305747989842,0.005151124500915788,-0.36144664880558514,-0.5447684637123401,-0.24169973727049163,-0.16053844710207327,-0.0,-0.5525499553450515,-0.69974905040994,-0.6785594227058631,-0.39278386275648575,-0.3681233507300725,-0.45368264437569694,-0.5294336767951147,-0.11303553450119457,-0.6776655515927046,0.0402237089827087,-0.6683218892890241,-0.48744858841872457,-0.03500768395612816,-0.28143652330087576,-0.18343512820976965,-0.0,-0.04113209481765276,-0.492969925580138,-0.5112673010385824,-0.3336478269202715,-0.42815086441669636,-0.25811898855077636,-0.27150558306102757,-0.5333085406683686,-0.35248562605101863,-0.17339354553549502,-0.6276216277819116,-0.2707424016751826,-0.07366635365921013,-0.6136558500308262,-0.3984652979558574,-0.48273820000553,-0.4883886721146275,-0.43835250556120964,-0.46833580473633996,-0.0,-0.5420408215474278,-0.768114639452188,-0.30136588693962424,-0.6891407969354968,0.02265954888053784,-0.0,0.2697173547129613,-0.3938315617105788,-0.48115807303429825,-0.18749976482810812,-0.35683748108606395,0.0,-0.4249627484740797,-0.36452358944099933
SAND,0.34054604505899827,-0.5893378827697275,-0.06374262557378507,-0.18980778750358115,0.2659874270228969,0.11109498901954545,-0.0,0.2840700796743192,-0.37417518263517263,0.44744258296608297,0.3623393210488445,0.21536839890904202,0.24836753154567262,0.023360807764510175,-0.10850019801724506,-0.21901794754639975,-0.5714095841865382,0.2746870205704092,0.18457038326212713,0.1289104525740263,0.3238900156443585,-0.0,0.358125070614401,0.2296442475411647,0.4687281556370983,0.058010506457312906,0.13089312862258917,0.08781452303337926,0.2929663592355675,0.09434893160900591,0.14187475447231143,0.15657134139596746,0.3066414580183756,0.14564138305374916,0.38845950593277345,0.22446652288257607,0.21063303921240717,-0.0,0.2648955798919988,0.2227192377806255,0.21408791875053476,0.18884608101450678,0.1186908418555628,0.1688746645665199,-0.11230397170685731,0.2180617420780404,0.11058292385504458,-0.017627922508512056,0.20536388244875747,0.22316848204633272,0.2646236974270826,0.38282143952948083,0.1925210504694399,0.26952094961754036,0.13409433589640274,0.3245175117808209,0.06184673177620978,-0.0,-0.0012414401454261398,0.7127921483084834,0.24383727518352274,-0.06729984730058564,-0.04056482664997468,-0.0,0.15109913988602147,0.2739768258708124,0.25075993376964756,0.2646963288574304,-0.13872350659556756,0.4249627484740797,0.0,0.2573029031939307
QTUM,-0.1057047765050827,0.1599508884220505,-0.24694350812653343,-0.2717174408445617,0.01112074297140151,-0.38640341165639436,-0.0,-0.3937091758918569,0.06495893399683325,-0.4564366384693115,-0.08911367433218943,-0.025618195601964544,-0.12170638116390581,-0.09620669517803028,-0.08450597694844947,0.006680179824314569,-0.3711759187541398,-0.19615064280419825,-0.2852843048452909,0.046467414866892244,0.2236935982713263,-0.0,-0.17224700385821864,-0.2808716441156608,-0.41351765091229054,-0.39006270108622476,-0.15902093717989071,-0.09125102483384434,-0.047870134966325736,0.22513162660250877,-0.5185709048131166,-0.2801748801863389,-0.08997924009702338,-0.023444970461055786,-0.4625222017512708,-0.08225911461995375,-0.015014216361059984,-0.0,-0.05068098511898779,-0.009104556996163318,-0.2538344926751525,-0.2924022710777879,-0.16822932368453258,-0.103596459719761,-0.2449334259111457,-0.1452773952120366,-0.2521420177934749,0.3489240092898761,-0.3294939406461491,0.09671884828118445,-0.1209399484297422,-0.38193041853643483,-0.41765996538363237,-0.1686383044891344,-0.044456117288577235,-0.15009431239673887,-0.33270156863566874,-0.0,-0.09370197729437915,-0.8066611907671997,-0.31680913594007665,-0.8163288203239383,-0.38481557049798765,-0.0,0.1422597737526652,-0.021018868676678237,-0.3097774190594499,0.08873182876684135,-0.22031053750633603,0.36452358944099933,-0.2573029031939307,0.0
