date,market
8/2/2017,207.15
8/3/2017,209.48
8/4/2017,204.59
8/7/2017,234.29
8/8/2017,250.77
8/9/2017,242.61
8/10/2017,242.52
8/11/2017,251.49
8/14/2017,258.59
8/15/2017,247.6
8/16/2017,259.29
8/17/2017,264.47
8/18/2017,267.56
8/21/2017,283.99
8/22/2017,300.52
8/23/2017,307.54
8/24/2017,298.83
8/25/2017,303.83
8/28/2017,313.99
8/29/2017,322.11
8/30/2017,329.62
8/31/2017,345.49
9/1/2017,353.86
9/5/2017,303.55
9/6/2017,322.13
9/7/2017,321.43
9/8/2017,295.87
9/11/2017,289.58
9/12/2017,286.39
9/13/2017,268.97
9/14/2017,224.73
9/15/2017,249.76
9/18/2017,271.95
9/19/2017,264.87
9/20/2017,264
9/21/2017,241.36
9/22/2017,242.09
9/25/2017,265.51
9/26/2017,264.89
9/27/2017,284.4
9/28/2017,280.17
9/29/2017,274.03
10/2/2017,279.1
10/3/2017,274.01
10/4/2017,272.48
10/5/2017,284.51
10/6/2017,286.64
10/9/2017,293.25
10/10/2017,298.34
10/11/2017,300.39
10/12/2017,307.92
10/13/2017,327.29
10/16/2017,327.98
10/17/2017,312.08
10/18/2017,306.41
10/19/2017,307.12
10/20/2017,309.09
10/23/2017,295.34
10/24/2017,297.8
10/25/2017,298.62
10/26/2017,302.15
10/27/2017,301.46
10/30/2017,317.04
10/31/2017,319.98
11/1/2017,322.18
11/2/2017,333.6
11/3/2017,350.52
11/6/2017,342.23
11/7/2017,343.81
11/8/2017,359.49
11/9/2017,364.87
11/10/2017,361.4
11/13/2017,390.59
11/14/2017,397.91
11/15/2017,404.94
11/16/2017,404.51
11/17/2017,417.76
11/20/2017,452.21
11/21/2017,440.13
11/22/2017,461.54
11/24/2017,510.6
11/27/2017,545
11/28/2017,556.13
11/29/2017,518.58
11/30/2017,517.28
12/1/2017,563.26
12/4/2017,582.42
12/5/2017,575.02
12/6/2017,575.58
12/7/2017,607.04
12/8/2017,636.32
12/11/2017,705.74
12/12/2017,823.85
12/13/2017,868.6
12/14/2017,1014.44
12/15/2017,988.4
12/18/2017,1089.02
12/19/2017,1085.31
12/20/2017,1128.84
12/21/2017,1193.71
12/22/2017,1049.97
12/26/2017,1156.01
12/27/2017,1179.91
12/28/2017,1140.48
12/29/2017,1381.41
1/2/2018,1503.59
1/3/2018,1653.48
1/4/2018,1638.93
1/5/2018,1650.2
1/8/2018,1667.36
1/9/2018,1636.62
1/10/2018,1651.62
1/11/2018,1518.63
1/12/2018,1619.33
1/16/2018,1157.04
1/17/2018,1237.49
1/18/2018,1290.4
1/19/2018,1284.96
1/22/2018,1173.34
1/23/2018,1204.22
1/24/2018,1246.39
1/25/2018,1238.77
1/26/2018,1200.41
1/29/2018,1279.84
1/30/2018,1145.68
1/31/2018,1163.59
2/1/2018,1047.52
2/2/2018,960.39
2/5/2018,773.93
2/6/2018,848.42
2/7/2018,871.08
2/8/2018,896.64
2/9/2018,962.57
2/12/2018,1002.62
2/13/2018,969.17
2/14/2018,1070.57
2/15/2018,1090.51
2/16/2018,1123.08
2/20/2018,1161.61
2/21/2018,1032.13
2/22/2018,989.34
2/23/2018,1010.03
2/26/2018,1045.88
2/27/2018,1067.58
2/28/2018,1038.86
3/1/2018,1065.66
3/2/2018,1057.04
3/5/2018,1086.74
3/6/2018,1030.88
3/7/2018,944.99
3/8/2018,887.89
3/9/2018,872.34
3/12/2018,865.01
3/13/2018,858.6
3/14/2018,780.99
3/15/2018,769.58
3/16/2018,791.4
3/19/2018,753.23
3/20/2018,793.21
3/21/2018,786.9
3/22/2018,754.16
3/23/2018,751.7
3/26/2018,680.69
3/27/2018,677.94
3/28/2018,665.01
3/29/2018,586.79
4/2/2018,570.13
4/3/2018,619.2
4/4/2018,568.75
4/5/2018,566.24
4/6/2018,547.22
4/9/2018,562.16
4/10/2018,580.72
4/11/2018,597.29
4/12/2018,671.76
4/13/2018,701.74
4/16/2018,707.99
4/17/2018,710.35
4/18/2018,754.16
4/19/2018,784.55
4/20/2018,867.39
4/23/2018,914.74
4/24/2018,990.65
4/25/2018,906.56
4/26/2018,925.08
4/27/2018,916.04
4/30/2018,944.07
5/1/2018,912.64
5/2/2018,955.45
5/3/2018,1000
5/4/2018,1020.73
5/7/2018,986.53
5/8/2018,976.02
5/9/2018,984.69
5/10/2018,1000.47
5/11/2018,888.79
5/14/2018,920.75
5/15/2018,903.53
5/16/2018,865.05
5/17/2018,876.67
5/18/2018,834.39
5/21/2018,869.13
5/22/2018,847.5
5/23/2018,782.78
5/24/2018,755.8
5/25/2018,756.31
5/29/2018,725.37
5/30/2018,722.37
5/31/2018,751.39
6/1/2018,740.36
6/4/2018,772.44
6/5/2018,793.99
6/6/2018,778.92
6/7/2018,796.71
6/8/2018,787.2
6/11/2018,676.85
6/12/2018,643.16
6/13/2018,613.43
6/14/2018,668.33
6/15/2018,647.74
6/18/2018,662.57
6/19/2018,674.21
6/20/2018,669.29
6/21/2018,662.4
6/22/2018,601.06
6/25/2018,590.86
6/26/2018,572.42
6/27/2018,571.18
6/28/2018,564.09
6/29/2018,537.61
7/2/2018,619.99
7/3/2018,616.33
7/5/2018,599.9
7/6/2018,604.95
7/9/2018,610.96
7/10/2018,571.26
7/11/2018,566.45
7/12/2018,553.62
7/13/2018,554.88
7/16/2018,615.29
7/17/2018,658.09
7/18/2018,643.38
7/19/2018,638.85
7/20/2018,609.14
7/23/2018,627.21
7/24/2018,661.96
7/25/2018,659.34
7/26/2018,664.92
7/27/2018,656.41
7/30/2018,638.12
7/31/2018,611.38
8/1/2018,600.27
8/2/2018,589.35
8/3/2018,587.77
8/6/2018,565.88
8/7/2018,552.88
8/8/2018,495.06
8/9/2018,502.65
8/10/2018,491.24
8/13/2018,434.19
8/14/2018,407.13
8/15/2018,436.83
8/16/2018,445.37
8/17/2018,466.07
8/20/2018,454.42
8/21/2018,444.11
8/22/2018,434.43
8/23/2018,439.37
8/24/2018,452.01
8/27/2018,456.67
8/28/2018,488.4
8/29/2018,480.09
8/30/2018,460.76
8/31/2018,478.88
9/4/2018,495.51
9/5/2018,440.17
9/6/2018,418.14
9/7/2018,409.39
9/10/2018,384.61
9/11/2018,371.51
9/12/2018,371.81
9/13/2018,394.66
9/14/2018,408.8
9/17/2018,379.5
9/18/2018,397.62
9/19/2018,406.42
9/20/2018,421.06
9/21/2018,498.5
9/24/2018,470.94
9/25/2018,431.95
9/26/2018,465.65
9/27/2018,490.16
9/28/2018,477.89
10/1/2018,479.88
10/2/2018,477.47
10/3/2018,460.12
10/4/2018,472.02
10/5/2018,465.23
10/8/2018,469.56
10/9/2018,461.2
10/10/2018,456.77
10/11/2018,411.04
10/12/2018,414.65
10/15/2018,425.86
10/16/2018,436.22
10/17/2018,435.29
10/18/2018,428.14
10/19/2018,430.06
10/22/2018,430.37
10/23/2018,430.12
10/24/2018,432.59
10/25/2018,428.78
10/26/2018,427.88
10/29/2018,411.71
10/30/2018,413.02
10/31/2018,419.67
11/1/2018,420.45
11/2/2018,428.45
11/5/2018,448.18
11/6/2018,469.83
11/7/2018,472.13
11/8/2018,459.71
11/9/2018,448.64
11/12/2018,450.57
11/13/2018,442.91
11/14/2018,377.04
11/15/2018,380.95
11/16/2018,382.27
11/19/2018,348.46
11/20/2018,307.77
11/21/2018,312.02
11/23/2018,287.85
11/26/2018,251.35
11/27/2018,251.94
11/28/2018,290.69
11/29/2018,275.08
11/30/2018,265.09
12/3/2018,252.41
12/4/2018,252.66
12/6/2018,229.31
12/7/2018,211.26
12/10/2018,212.62
12/11/2018,210.07
12/12/2018,215.6
12/13/2018,204.6
12/14/2018,197.59
12/17/2018,227.3
12/18/2018,227.97
12/19/2018,246.47
12/20/2018,262.02
12/21/2018,254.02
12/24/2018,288.95
12/26/2018,267.27
12/27/2018,248.17
12/28/2018,276.77
12/31/2018,260.59
1/2/2019,284.91
1/3/2019,275.76
1/4/2019,279.18
1/7/2019,287.25
1/8/2019,284.89
1/9/2019,285.75
1/10/2019,252.06
1/11/2019,251.99
1/14/2019,253.94
1/15/2019,243.41
1/16/2019,246.62
1/17/2019,249.18
1/18/2019,244.42
1/22/2019,243.83
1/23/2019,240.06
1/24/2019,242.35
1/25/2019,240.17
1/28/2019,223.42
1/29/2019,223.01
1/30/2019,232.36
1/31/2019,229.88
2/1/2019,229.79
2/4/2019,228.85
2/5/2019,227.97
2/6/2019,222.37
2/7/2019,222.88
2/8/2019,246.03
2/11/2019,244.94
2/12/2019,248.36
2/13/2019,244.1
2/14/2019,243.53
2/15/2019,243.42
2/19/2019,280.4
2/20/2019,281.55
2/21/2019,274.83
2/22/2019,279.22
2/25/2019,269.72
2/26/2019,265.28
2/27/2019,257.49
2/28/2019,265.6
3/1/2019,269.16
3/4/2019,254.39
3/5/2019,268.96
3/6/2019,270.44
3/7/2019,272.53
3/8/2019,272.12
3/11/2019,265.72
3/12/2019,267.83
3/13/2019,267.4
3/14/2019,266.91
3/15/2019,273.32
3/18/2019,275.1
3/19/2019,276.58
3/20/2019,277.61
3/21/2019,272.46
3/22/2019,275.08
3/25/2019,267.24
3/26/2019,267.73
3/27/2019,277.95
3/28/2019,277.52
3/29/2019,281.33
4/1/2019,282.98
4/2/2019,324.1
4/3/2019,357.49
4/4/2019,319.45
4/5/2019,342.16
4/8/2019,352.69
4/9/2019,351.91
4/10/2019,362.66
4/11/2019,331.94
4/12/2019,330.52
4/15/2019,322.21
4/16/2019,334.56
4/17/2019,339.17
4/18/2019,346.42
4/22/2019,340.52
4/23/2019,344.72
4/24/2019,326.25
4/25/2019,329.21
4/26/2019,309.61
4/29/2019,308.84
4/30/2019,319.05
5/1/2019,319.56
5/2/2019,320.15
5/3/2019,336.22
5/6/2019,339.17
5/7/2019,337.09
5/8/2019,337.12
5/9/2019,337.54
5/10/2019,350.68
5/13/2019,410.01
5/14/2019,432.38
5/15/2019,477.47
5/16/2019,476.17
5/17/2019,426.23
5/20/2019,459.17
5/21/2019,472.46
5/22/2019,463.6
5/23/2019,447.7
5/24/2019,469.06
5/28/2019,519.83
5/29/2019,523.86
5/30/2019,512.05
5/31/2019,504.44
6/3/2019,504.73
6/4/2019,448.22
6/5/2019,465.12
6/6/2019,456.74
6/7/2019,478.66
6/10/2019,473.94
6/11/2019,473.88
6/12/2019,486.04
6/13/2019,490.52
6/14/2019,488.81
6/17/2019,529
6/18/2019,514.82
6/19/2019,522.08
6/20/2019,526.54
6/21/2019,553.65
6/24/2019,586.74
6/25/2019,595.03
6/26/2019,668.61
6/27/2019,539.14
6/28/2019,591.21
7/1/2019,530.5
7/2/2019,544.91
7/3/2019,555.37
7/5/2019,544.02
7/8/2019,583.52
7/9/2019,578.32
7/10/2019,543.91
7/11/2019,510.39
7/12/2019,521.37
7/15/2019,468.17
7/16/2019,419.42
7/17/2019,432.44
7/18/2019,461.66
7/19/2019,451.61
7/22/2019,446.14
7/23/2019,448.29
7/24/2019,435.9
7/25/2019,441.8
7/26/2019,449.14
7/29/2019,428.57
7/30/2019,435.96
7/31/2019,448.21
8/1/2019,452.09
8/2/2019,449.96
8/5/2019,486.99
8/6/2019,475.14
8/7/2019,473.13
8/8/2019,461.48
8/9/2019,454.28
8/12/2019,456.48
8/13/2019,444.83
8/14/2019,404.89
8/15/2019,402.34
8/16/2019,408.49
8/19/2019,424.58
8/20/2019,420.45
8/21/2019,401.98
8/22/2019,410.18
8/23/2019,416.35
8/26/2019,406.88
8/27/2019,403.87
8/28/2019,377.48
8/29/2019,374.14
8/30/2019,375.85
9/3/2019,402.64
9/4/2019,400.59
9/5/2019,388.38
9/6/2019,382.44
9/9/2019,399.65
9/10/2019,392.36
9/11/2019,389.68
9/12/2019,395.99
9/13/2019,392.88
9/16/2019,406.26
9/17/2019,434.56
9/18/2019,441.98
9/19/2019,444.4
9/20/2019,433.42
9/23/2019,416.64
9/24/2019,344.23
9/25/2019,345.87
9/26/2019,336.24
9/27/2019,337.35
9/30/2019,352.4
10/1/2019,350.08
10/2/2019,352.49
10/3/2019,345.62
10/4/2019,354.36
10/7/2019,365.29
10/8/2019,361.56
10/9/2019,378.47
10/10/2019,374.34
10/11/2019,362.08
10/14/2019,372.79
10/15/2019,362.2
10/16/2019,352.69
10/17/2019,362.22
10/18/2019,356.78
10/21/2019,361.56
10/22/2019,360.14
10/23/2019,330.67
10/24/2019,337.23
10/25/2019,377.15
10/28/2019,391.55
10/29/2019,399.36
10/30/2019,390.61
10/31/2019,389.63
11/1/2019,387.19
11/4/2019,399.53
11/5/2019,403.26
11/6/2019,402.71
11/7/2019,392.74
11/8/2019,381.77
11/11/2019,382.14
11/12/2019,382.76
11/13/2019,382.4
11/14/2019,375.95
11/15/2019,365.46
11/18/2019,356.93
11/19/2019,349.84
11/20/2019,350.17
11/21/2019,326.88
11/22/2019,313.65
11/25/2019,302.14
11/26/2019,303.8
11/27/2019,316.44
11/29/2019,321.7
12/2/2019,306.23
12/3/2019,305.57
12/4/2019,302.82
12/5/2019,308.28
12/6/2019,309.21
12/9/2019,304.78
12/10/2019,300.76
12/11/2019,298.78
12/12/2019,302.22
12/13/2019,301.88
12/16/2019,280.03
12/17/2019,258.68
12/18/2019,279.76
12/19/2019,275.6
12/20/2019,279.09
12/23/2019,281.12
12/24/2019,278.11
12/26/2019,277.62
12/27/2019,277.45
12/30/2019,284.44
12/31/2019,279.03
1/1/2020,279.03
1/2/2020,272.71
1/3/2020,287.69
1/4/2020,287.69
1/5/2020,287.69
1/6/2020,309.73
1/7/2020,318.22
1/8/2020,307
1/9/2020,301.86
1/10/2020,316.85
1/11/2020,316.85
1/12/2020,316.85
1/13/2020,322.1
1/14/2020,359.4
1/15/2020,366.24
1/16/2020,361.5
1/17/2020,374.1
1/18/2020,374.1
1/19/2020,374.1
1/20/2020,374.1
1/21/2020,367.53
1/22/2020,364.71
1/23/2020,349.44
1/24/2020,352.27
1/25/2020,352.27
1/26/2020,352.27
1/27/2020,375.62
1/28/2020,378.67
1/29/2020,387.26
1/30/2020,402.94
1/31/2020,391.36
2/1/2020,391.36
2/2/2020,391.36
2/3/2020,404.01
2/4/2020,403.47
2/5/2020,432.66
2/6/2020,442.91
2/7/2020,444.79
2/8/2020,444.79
2/9/2020,444.79
2/10/2020,450.89
2/11/2020,473.88
2/12/2020,509.08
2/13/2020,503.4
2/14/2020,525.32
2/15/2020,525.32
2/16/2020,525.32
2/17/2020,525.32
2/18/2020,501.86
2/19/2020,486.5
2/20/2020,452.1
2/21/2020,463.29
2/22/2020,463.29
2/23/2020,463.29
2/24/2020,458.16
2/25/2020,438.81
2/26/2020,404.72
2/27/2020,411.96
2/28/2020,398.44
2/29/2020,398.44
3/1/2020,398.44
3/2/2020,412.88
3/3/2020,400.25
3/4/2020,397.55
3/5/2020,416.53
3/6/2020,422.25
3/7/2020,422.25
3/8/2020,422.25
3/9/2020,349.91
3/10/2020,357.58
3/11/2020,346.73
3/12/2020,257.88
3/13/2020,241.61
3/14/2020,241.61
3/15/2020,241.61
3/16/2020,217.82
3/17/2020,233.11
3/18/2020,231.4
3/19/2020,266.69
3/20/2020,256.83
3/21/2020,256.83
3/22/2020,256.83
3/23/2020,264.25
3/24/2020,278.82
3/25/2020,271.41
3/26/2020,274.68
3/27/2020,280.48
3/28/2020,280.48
3/29/2020,280.48
3/30/2020,271.39
3/31/2020,274.86
4/1/2020,265.12
4/2/2020,283.87
4/3/2020,287.36
4/4/2020,287.36
4/5/2020,287.36
4/6/2020,317.25
4/7/2020,317.16
4/8/2020,326.04
4/9/2020,321.22
4/10/2020,321.22
4/11/2020,321.22
4/12/2020,321.22
4/13/2020,296.88
4/14/2020,301.4
4/15/2020,295.92
4/16/2020,312.11
4/17/2020,313.71
4/18/2020,313.71
4/19/2020,313.71
4/20/2020,301.74
4/21/2020,306.62
4/22/2020,319.5
4/23/2020,334.19
4/24/2020,333.72
4/25/2020,333.72
4/26/2020,333.72
4/27/2020,338.82
4/28/2020,345.54
4/29/2020,381.34
4/30/2020,373.41
5/1/2020,370.53
5/2/2020,370.53
5/3/2020,370.53
5/4/2020,369.17
5/5/2020,369.33
5/6/2020,373.29
5/7/2020,389.86
5/8/2020,390.75
5/9/2020,390.75
5/10/2020,390.75
5/11/2020,343.05
5/12/2020,348
5/13/2020,360.56
5/14/2020,371.56
5/15/2020,359.29
5/16/2020,359.29
5/17/2020,359.29
5/18/2020,378.01
5/19/2020,376.18
5/20/2020,371.46
5/21/2020,353.52
5/22/2020,364.18
5/23/2020,364.18
5/24/2020,364.18
5/25/2020,364.18
5/26/2020,351.71
5/27/2020,362.78
5/28/2020,372.39
5/29/2020,374.02
5/30/2020,374.02
5/31/2020,374.02
6/1/2020,391.35
6/2/2020,387.49
6/3/2020,392.48
6/4/2020,396.21
6/5/2020,397.92
6/6/2020,397.92
6/7/2020,397.92
6/8/2020,395.33
6/9/2020,395.17
6/10/2020,401.51
6/11/2020,372.88
6/12/2020,381.97
6/13/2020,381.97
6/14/2020,381.97
6/15/2020,377.68
6/16/2020,379.34
6/17/2020,373.91
6/18/2020,375.8
6/19/2020,371.48
6/20/2020,371.48
6/21/2020,371.48
6/22/2020,385.68
6/23/2020,387.2
6/24/2020,372.37
6/25/2020,372.07
6/26/2020,369.44
6/27/2020,369.44
6/28/2020,369.44
6/29/2020,362.38
6/30/2020,360.26
7/1/2020,365.64
7/2/2020,357.44
7/3/2020,357.44
7/4/2020,357.44
7/5/2020,357.44
7/6/2020,378.07
7/7/2020,374.52
7/8/2020,393.4
7/9/2020,382.93
7/10/2020,383.44
7/11/2020,383.44
7/12/2020,383.44
7/13/2020,379.26
7/14/2020,383.36
7/15/2020,378.43
7/16/2020,371.37
7/17/2020,373.64
7/18/2020,373.64
7/19/2020,373.64
7/20/2020,375.1
7/21/2020,386.22
7/22/2020,387.59
7/23/2020,408.58
7/24/2020,411.23
7/25/2020,411.23
7/26/2020,411.23
7/27/2020,462.37
7/28/2020,473.56
7/29/2020,482.2
7/30/2020,491.15
7/31/2020,502.5
8/1/2020,502.5
8/2/2020,502.5
8/3/2020,551.07
8/4/2020,535.68
8/5/2020,550.12
8/6/2020,558.07
8/7/2020,531.25
8/8/2020,531.25
8/9/2020,531.25
8/10/2020,549.37
8/11/2020,524.14
8/12/2020,530.64
8/13/2020,531.59
8/14/2020,572.61
8/15/2020,572.61
8/16/2020,572.61
8/17/2020,597.06
8/18/2020,576.95
8/19/2020,541.56
8/20/2020,558.61
8/21/2020,544.16
8/22/2020,544.16
8/23/2020,544.16
8/24/2020,548.88
8/25/2020,520.37
8/26/2020,528.63
8/27/2020,510.73
8/28/2020,528.59
8/29/2020,528.59
8/30/2020,528.59
8/31/2020,558.82
9/1/2020,587.66
9/2/2020,545.71
9/3/2020,511.73
9/4/2020,500.21
9/5/2020,500.21
9/6/2020,500.21
9/7/2020,500.21
9/8/2020,453.12
9/9/2020,471.52
9/10/2020,475.58
9/11/2020,479.3
9/12/2020,479.3
9/13/2020,479.3
9/14/2020,489.05
9/15/2020,485.8
9/16/2020,489.09
9/17/2020,505.09
9/18/2020,495.1
9/19/2020,495.1
9/20/2020,495.1
9/21/2020,463.6
9/22/2020,463.08
9/23/2020,449.58
9/24/2020,467.61
9/25/2020,477.3
9/26/2020,477.3
9/27/2020,477.3
9/28/2020,484.91
9/29/2020,478.52
9/30/2020,476.66
10/1/2020,471.38
10/2/2020,463.65
10/3/2020,463.65
10/4/2020,463.65
10/5/2020,476.51
10/6/2020,467.39
10/7/2020,470
10/8/2020,481.58
10/9/2020,491.49
10/10/2020,491.49
10/11/2020,491.49
10/12/2020,515.58
10/13/2020,507.81
10/14/2020,503.87
10/15/2020,510.46
10/16/2020,494.33
10/17/2020,494.33
10/18/2020,494.33
10/19/2020,510.5
10/20/2020,506.23
10/21/2020,538.94
10/22/2020,563.97
10/23/2020,554.2
10/24/2020,554.2
10/25/2020,554.2
10/26/2020,545.11
10/27/2020,565.43
10/28/2020,544.52
10/29/2020,551.49
10/30/2020,546.34
10/31/2020,546.34
11/1/2020,546.34
11/2/2020,548.9
11/3/2020,547.19
11/4/2020,562.29
11/5/2020,591
11/6/2020,618.31
11/7/2020,618.31
11/8/2020,618.31
11/9/2020,617.48
11/10/2020,618.38
11/11/2020,633.79
11/12/2020,636.18
11/13/2020,650.1
11/14/2020,650.1
11/15/2020,650.1
11/16/2020,662.52
11/17/2020,690.75
11/18/2020,681.55
11/19/2020,695.41
11/20/2020,730.41
11/21/2020,730.41
11/22/2020,730.41
11/23/2020,841.62
11/24/2020,902.8
11/25/2020,862.55
11/26/2020,862.55
11/27/2020,760.96
11/28/2020,760.96
11/29/2020,760.96
11/30/2020,887.3
12/1/2020,864.53
12/2/2020,866.46
12/3/2020,880.82
12/4/2020,845.97
12/5/2020,845.97
12/6/2020,845.97
12/7/2020,852.96
12/8/2020,826.93
12/9/2020,826.59
12/10/2020,820.58
12/11/2020,801.14
12/12/2020,801.14
12/13/2020,801.14
12/14/2020,829.68
12/15/2020,837.32
12/16/2020,890.72
12/17/2020,954.11
12/18/2020,962.55
12/19/2020,962.55
12/20/2020,962.55
12/21/2020,926.14
12/22/2020,933.52
12/23/2020,875.01
12/24/2020,875.87
12/25/2020,875.87
12/26/2020,875.87
12/27/2020,875.87
12/28/2020,1022.95
12/29/2020,1008.64
12/30/2020,1047.46
12/31/2020,1051.1
1/1/2021,1051.1
1/2/2021,1051.1
1/3/2021,1051.1
1/4/2021,1281.61
1/5/2021,1368.3
1/6/2021,1472.13
1/7/2021,1560.18
1/8/2021,1484.25
1/9/2021,1484.25
1/10/2021,1484.25
1/11/2021,1294.72
1/12/2021,1354.97
1/13/2021,1414.71
1/14/2021,1528.38
1/15/2021,1414.37
1/16/2021,1414.37
1/17/2021,1414.37
1/18/2021,1414.37
1/19/2021,1599.43
1/20/2021,1515.03
1/21/2021,1386.97
1/22/2021,1439.27
1/23/2021,1439.27
1/24/2021,1439.27
1/25/2021,1486.3
1/26/2021,1454.29
1/27/2021,1399.31
1/28/2021,1457.22
1/29/2021,1497.2
1/30/2021,1497.2
1/31/2021,1497.2
2/1/2021,1476.95
2/2/2021,1616.69
2/3/2021,1703.79
2/4/2021,1710.51
2/5/2021,1750.62
2/6/2021,1750.62
2/7/2021,1750.62
2/8/2021,1889.03
2/9/2021,1996.96
2/10/2021,1919.18
2/11/2021,2018.72
2/12/2021,2083.58
2/13/2021,2083.58
2/14/2021,2083.58
2/15/2021,2083.58
2/16/2021,2103.31
2/17/2021,2235.34
2/18/2021,2279.46
2/19/2021,2371.62
2/20/2021,2371.62
2/21/2021,2371.62
2/22/2021,2195.99
2/23/2021,1894.93
2/24/2021,1949.57
2/25/2021,1962.92
2/26/2021,1825.2
2/27/2021,1825.2
2/28/2021,1825.2
3/1/2021,1898.61
3/2/2021,1864.33
3/3/2021,1986.79
3/4/2021,1907.63
3/5/2021,1934.89
3/6/2021,1934.89
3/7/2021,1934.89
3/8/2021,2103.19
3/9/2021,2192.45
3/10/2021,2192.2
3/11/2021,2249.72
3/12/2021,2194.68
3/13/2021,2194.68
3/14/2021,2194.68
3/15/2021,2203.97
3/16/2021,2195.34
3/17/2021,2255.8
3/18/2021,2212.2
3/19/2021,2274.21
3/20/2021,2274.21
3/21/2021,2274.21
3/22/2021,2160.85
3/23/2021,2117.05
3/24/2021,2066.88
3/25/2021,2001.08
3/26/2021,2078.74
3/27/2021,2078.74
3/28/2021,2078.74
3/29/2021,2225
3/30/2021,2267.62
3/31/2021,2294.8
4/1/2021,2364.6
4/2/2021,2364.6
4/3/2021,2364.6
4/4/2021,2364.6
4/5/2021,2483.32
4/6/2021,2504.24
4/7/2021,2364.49
4/8/2021,2444.7
4/9/2021,2470.97
4/10/2021,2470.97
4/11/2021,2470.97
4/12/2021,2563.06
4/13/2021,2747.48
4/14/2021,2752.58
4/15/2021,2903.2
4/16/2021,2934.01
4/17/2021,2934.01
4/18/2021,2934.01
4/19/2021,2621.96
4/20/2021,2723.35
4/21/2021,2749.78
4/22/2021,2728.76
4/23/2021,2569.75
4/24/2021,2569.75
4/25/2021,2569.75
4/26/2021,2693.65
4/27/2021,2806.84
4/28/2021,2892.96
4/29/2021,2790.49
4/30/2021,2952.77
5/1/2021,2952.77
5/2/2021,2952.77
5/3/2021,3220.26
5/4/2021,3219.96
5/5/2021,3431.91
5/6/2021,3448.62
5/7/2021,3504.71
5/8/2021,3504.71
5/9/2021,3504.71
5/10/2021,3543.41
5/11/2021,3765.28
5/12/2021,3710.65
5/13/2021,3266.33
5/14/2021,3539.7
5/15/2021,3539.7
5/16/2021,3539.7
5/17/2021,3006.45
5/18/2021,2997.86
5/19/2021,2422.41
5/20/2021,2508.65
5/21/2021,2134.73
5/22/2021,2134.73
5/23/2021,2134.73
5/24/2021,2358.53
5/25/2021,2252.52
5/26/2021,2402.31
5/27/2021,2433.1
5/28/2021,2238.99
5/29/2021,2238.99
5/30/2021,2238.99
5/31/2021,2238.99
6/1/2021,2242.99
6/2/2021,2377.83
6/3/2021,2417.29
6/4/2021,2311.24
6/5/2021,2311.24
6/6/2021,2311.24
6/7/2021,2269.93
6/8/2021,2084.03
6/9/2021,2212.5
6/10/2021,2156.11
6/11/2021,2160.74
6/12/2021,2160.74
6/13/2021,2160.74
6/14/2021,2297.57
6/15/2021,2285.6
6/16/2021,2205.31
6/17/2021,2143.41
6/18/2021,2012.82
6/19/2021,2012.82
6/20/2021,2012.82
6/21/2021,1812.7
6/22/2021,1760.36
6/23/2021,1790.03
6/24/2021,1892.48
6/25/2021,1746
6/26/2021,1746
6/27/2021,1746
6/28/2021,1918.14
6/29/2021,2032.63
6/30/2021,2003.21
7/1/2021,1890.86
7/2/2021,1875.79
7/3/2021,1875.79
7/4/2021,1875.79
7/5/2021,1875.79
7/6/2021,1991.25
7/7/2021,2025.23
7/8/2021,1894.61
7/9/2021,1904.76
7/10/2021,1904.76
7/11/2021,1904.76
7/12/2021,1834.84
7/13/2021,1782.58
7/14/2021,1817.2
7/15/2021,1752.7
7/16/2021,1755.67
7/17/2021,1755.67
7/18/2021,1755.67
7/19/2021,1669.84
7/20/2021,1628.94
7/21/2021,1738.69
7/22/2021,1797.45
7/23/2021,1792.93
7/24/2021,1792.93
7/25/2021,1792.93
7/26/2021,2087.45
7/27/2021,2036.2
7/28/2021,2120.59
7/29/2021,2122.07
7/30/2021,2156.36
7/31/2021,2156.36
8/1/2021,2156.36
8/2/2021,2218.49
8/3/2021,2141.68
8/4/2021,2279.15
8/5/2021,2342.14
8/6/2021,2441.94
8/7/2021,2441.94
8/8/2021,2441.94
8/9/2021,2639.37
8/10/2021,2612.7
8/11/2021,2707.5
8/12/2021,2568.84
8/13/2021,2729.75
8/14/2021,2729.75
8/15/2021,2729.75
8/16/2021,2688.03
8/17/2021,2636.01
8/18/2021,2582.71
8/19/2021,2683.1
8/20/2021,2783.63
8/21/2021,2783.63
8/22/2021,2783.63
8/23/2021,2811.25
8/24/2021,2730.29
8/25/2021,2757.72
8/26/2021,2650.73
8/27/2021,2739.41
8/28/2021,2739.41
8/29/2021,2739.41
8/30/2021,2793.52
8/31/2021,2778.35
9/1/2021,2923.92
9/2/2021,2989.81
9/3/2021,3127.63
9/4/2021,3127.63
9/5/2021,3127.63
9/6/2021,3127.63
9/7/2021,2783.62
9/8/2021,2794.03
9/9/2021,2803.67
9/10/2021,2715.81
9/11/2021,2715.81
9/12/2021,2715.81
9/13/2021,2676.44
9/14/2021,2753.17
9/15/2021,2873.94
9/16/2021,2857.08
9/17/2021,2797.39
9/18/2021,2797.39
9/19/2021,2797.39
9/20/2021,2524.59
9/21/2021,2401.34
9/22/2021,2489.09
9/23/2021,2577.02
9/24/2021,2407.2
9/25/2021,2407.2
9/26/2021,2407.2
9/27/2021,2424.66
9/28/2021,2349.89
9/29/2021,2316.18
9/30/2021,2464.25
10/1/2021,2703.17
10/2/2021,2703.17
10/3/2021,2703.17
10/4/2021,2780.73
10/5/2021,2879.63
10/6/2021,3019.41
10/7/2021,2995.52
10/8/2021,3006.81
10/9/2021,3006.81
10/10/2021,3006.81
10/11/2021,3014.27
10/12/2021,2935.37
10/13/2021,3026.4
10/14/2021,3128.39
10/15/2021,3261.51
10/16/2021,3261.51
10/17/2021,3261.51
10/18/2021,3206.62
10/19/2021,3293.5
10/20/2021,3487.64
10/21/2021,3374.55
10/22/2021,3298.39
10/23/2021,3298.39
10/24/2021,3298.39
10/25/2021,3409.62
10/26/2021,3399.9
10/27/2021,3221.82
10/28/2021,3396.3
10/29/2021,3453.55
10/30/2021,3453.55
10/31/2021,3453.55
11/1/2021,3412.33
11/2/2021,3534.84
11/3/2021,3572.95
11/4/2021,3464.59
11/5/2021,3457.85
11/6/2021,3457.85
11/7/2021,3457.85
11/8/2021,3727.58
11/9/2021,3870.42
11/10/2021,3785
11/11/2021,3770.77
11/12/2021,3715.11
11/13/2021,3715.11
11/14/2021,3715.11
11/15/2021,3681.61
11/16/2021,3415.86
11/17/2021,3405.31
11/18/2021,3255.05
11/19/2021,3327.07
11/20/2021,3327.07
11/21/2021,3327.07
11/22/2021,3192.72
11/23/2021,3355.16
11/24/2021,3319.29
11/25/2021,3319.29
11/26/2021,3171.64
11/27/2021,3171.64
11/28/2021,3171.64
11/29/2021,3366.04
11/30/2021,3439.03
12/1/2021,3380.37
12/2/2021,3373.08
12/3/2021,3163.98
12/4/2021,3163.98
12/5/2021,3163.98
12/6/2021,2948.6
12/7/2021,3026.9
12/8/2021,3087.48
12/9/2021,2888.53
12/10/2021,2876.8
12/11/2021,2876.8
12/12/2021,2876.8
12/13/2021,2711.22
12/14/2021,2795.86
12/15/2021,2901.59
12/16/2021,2859.5
12/17/2021,2741.52
12/18/2021,2741.52
12/19/2021,2741.52
12/20/2021,2812.96
12/21/2021,2868.67
12/22/2021,2881.75
12/23/2021,2978.63
12/24/2021,2978.63
12/25/2021,2978.63
12/26/2021,2978.63
12/27/2021,2983.51
12/28/2021,2778.04
12/29/2021,2733.27
12/30/2021,2725.34
12/31/2021,2663.4
1/1/2022,2663.4
1/2/2022,2663.4
1/3/2022,2693.63
1/4/2022,2734.52
1/5/2022,2601.66
1/6/2022,2508.71
1/7/2022,2408.68
1/8/2022,2407.68
1/9/2022,2406.68
1/10/2022,2336.85
1/11/2022,2418.56
1/12/2022,2514.27
1/13/2022,2441.41
1/14/2022,2485.44
1/15/2022,2486.44
1/16/2022,2487.44
1/17/2022,2488.44
1/18/2022,2387.84
1/19/2022,2371.73
1/20/2022,2419.07
1/21/2022,2135.29
1/22/2022,2136.29
1/23/2022,2137.29
1/24/2022,1965.59
1/25/2022,1946.39
1/26/2022,1988.36
1/27/2022,1880.99
1/28/2022,2004.53
1/29/2022,2005.53
1/30/2022,2006.53
1/31/2022,2065.66
2/1/2022,2122.83
2/2/2022,2062.1
2/3/2022,1974.44
2/4/2022,2216.28
2/5/2022,2217.28
2/6/2022,2218.28
2/7/2022,2399.32
2/8/2022,2373.81
2/9/2022,2447.68
2/10/2022,2359.4
2/11/2022,2223.37
2/12/2022,2224.37
2/13/2022,2225.37
2/14/2022,2189.74
2/15/2022,2331.16
2/16/2022,2351.32
2/17/2022,2168.94
2/18/2022,2102.68
2/19/2022,2103.68
2/20/2022,2104.68
2/21/2022,2105.68
2/22/2022,1955.53
2/23/2022,1971.42
2/24/2022,1980.98
2/25/2022,2026.52
2/26/2022,2027.52
2/27/2022,2028.52
2/28/2022,2148.11
3/1/2022,2245.44
3/2/2022,2227.35
3/3/2022,2129.04
3/4/2022,2003.13
3/5/2022,2004.13
3/6/2022,2005.13
3/7/2022,1887.03
3/8/2022,1938.96
3/9/2022,2062.84
3/10/2022,1981.9
3/11/2022,1926.8
3/12/2022,1927.8
3/13/2022,1928.8
3/14/2022,1920.64
3/15/2022,1996.14
3/16/2022,2054.04
3/17/2022,2095.18
3/18/2022,2164.32
3/19/2022,2165.32
3/20/2022,2166.32
3/21/2022,2140.97
3/22/2022,2209.27
3/23/2022,2215.52
3/24/2022,2331.8
3/25/2022,2312.95
3/26/2022,2313.95
3/27/2022,2314.95
3/28/2022,2532.72
3/29/2022,2524.53
3/30/2022,2513.91
3/31/2022,2447.29
4/1/2022,2540.84
4/2/2022,2541.84
4/3/2022,2542.84
4/4/2022,2526.28
4/5/2022,2518.2
4/6/2022,2350.43
4/7/2022,2340.23
4/8/2022,2314.62
4/9/2022,2315.62
4/10/2022,2316.62
4/11/2022,2132.56
4/12/2022,2110.44
4/13/2022,2198.74
4/14/2022,2127.08
4/15/2022,2128.08
4/16/2022,2129.08
4/17/2022,2130.08
4/18/2022,2149.21
4/19/2022,2214.93
4/20/2022,2193.18
4/21/2022,2178.84
4/22/2022,2109.98
4/23/2022,2110.98
4/24/2022,2111.98
4/25/2022,2123.17
4/26/2022,2011.38
4/27/2022,2026.93
4/28/2022,2077.03
4/29/2022,1968.67
4/30/2022,1969.67
5/1/2022,1970.67
5/2/2022,1958.31
5/3/2022,1916.41
5/4/2022,2057.63
5/5/2022,1878.82
5/6/2022,1861.08
5/7/2022,1862.08
5/8/2022,1863.08
5/9/2022,1547.11
5/10/2022,1598.44
5/11/2022,1395.03
5/12/2022,1323.5
5/13/2022,1419.42
5/14/2022,1420.42
5/15/2022,1421.42
5/16/2022,1403.08
5/17/2022,1428.88
5/18/2022,1375.09
5/19/2022,1389.23
5/20/2022,1361.41
5/21/2022,1362.41
5/22/2022,1363.41
5/23/2022,1372.08
5/24/2022,1363.91
5/25/2022,1363.78
5/26/2022,1302.29
5/27/2022,1258.19
5/28/2022,1259.19
5/29/2022,1260.19
5/30/2022,1261.19
5/31/2022,1406.07
6/1/2022,1325.67
6/2/2022,1330.13
6/3/2022,1285.79
6/4/2022,1286.79
6/5/2022,1287.79
6/6/2022,1370.74
6/7/2022,1359.74
6/8/2022,1329.12
6/9/2022,1327.72
6/10/2022,1253.73
6/11/2022,1254.73
6/12/2022,1255.73
6/13/2022,968.84
6/14/2022,951.3
6/15/2022,956.78
6/16/2022,904.57
6/17/2022,897.67
6/18/2022,898.67
6/19/2022,899.67
6/20/2022,900.67
6/21/2022,940
6/22/2022,902.19
6/23/2022,946.26
6/24/2022,998.49
6/25/2022,999.49
6/26/2022,1000.49
6/27/2022,968.23
6/28/2022,935.35
6/29/2022,915.67
6/30/2022,851.65
7/1/2022,877.19
7/2/2022,878.19
7/3/2022,879.19
7/4/2022,880.19
7/5/2022,929.5
7/6/2022,931.4
7/7/2022,1000.28
7/8/2022,995.93
7/9/2022,996.93
7/10/2022,997.93
7/11/2022,929.82
7/12/2022,870.23
7/13/2022,886.65
7/14/2022,958.7
7/15/2022,995.06
7/16/2022,996.06
7/17/2022,997.06
7/18/2022,1080.9
7/19/2022,1164.38
7/20/2022,1154.48
7/21/2022,1153.32
7/22/2022,1117.35
7/23/2022,1118.35
7/24/2022,1119.35
7/25/2022,1082.55
7/26/2022,1011.11
7/27/2022,1140.5
7/28/2022,1219.42
7/29/2022,1224.7
7/30/2022,1225.7
7/31/2022,1226.7
8/1/2022,1171.46
8/2/2022,1173.84
8/3/2022,1192.48
8/4/2022,1145.78
8/5/2022,1189.59
8/6/2022,1190.59
8/7/2022,1191.59
8/8/2022,1260.98
8/9/2022,1202.82
8/10/2022,1261.64
8/11/2022,1297.14
8/12/2022,1309.57
8/13/2022,1310.57
8/14/2022,1311.57
8/15/2022,1292.13
8/16/2022,1285.44
8/17/2022,1248.21
8/18/2022,1254.78
8/19/2022,1138.95
8/20/2022,1139.95
8/21/2022,1140.95
8/22/2022,1083.34
8/23/2022,1126.49
8/24/2022,1141.39
8/25/2022,1143.09
8/26/2022,1069.12
8/27/2022,1070.12
8/28/2022,1071.12
8/29/2022,1047.17
8/30/2022,1048.05
8/31/2022,1065.93
9/1/2022,1053.33
9/2/2022,1056.53
9/3/2022,1057.53
9/4/2022,1058.53
9/5/2022,1059.53
9/6/2022,1036.93
9/7/2022,1045.45
9/8/2022,1077.61
9/9/2022,1149.32
9/10/2022,1150.32
9/11/2022,1151.32
9/12/2022,1182.99
9/13/2022,1086.12
9/14/2022,1077.63
9/15/2022,1047.74
9/16/2022,1021.56
9/17/2022,1022.56
9/18/2022,1023.56
9/19/2022,994.43
9/20/2022,974.65
9/21/2022,970.84
9/22/2022,984.52
9/23/2022,960.83
9/24/2022,961.83
9/25/2022,962.83
9/26/2022,984.02
9/27/2022,975.2
9/28/2022,989.33
9/29/2022,985.47
9/30/2022,989.17
10/1/2022,990.17
10/2/2022,991.17
10/3/2022,979.85
10/4/2022,1011.03
10/5/2022,1008.32
10/6/2022,1007.15
10/7/2022,983.54
10/8/2022,984.54
10/9/2022,985.54
10/10/2022,971.29
10/11/2022,947.81
10/12/2022,953.05
10/13/2022,949.08
10/14/2022,947.47
10/15/2022,948.47
10/16/2022,949.47
10/17/2022,967.45
10/18/2022,952.04
10/19/2022,951.55
10/20/2022,933.51
10/21/2022,941.27
10/22/2022,942.27
10/23/2022,943.27
10/24/2022,962.14
10/25/2022,1040.78
10/26/2022,1066.03
10/27/2022,1066.06
10/28/2022,1067.05
10/29/2022,1068.05
10/30/2022,1069.05
10/31/2022,1068.99
11/1/2022,1070.6
11/2/2022,1049.95
11/3/2022,1061.44
11/4/2022,1129.45
11/5/2022,1130.45
11/6/2022,1131.45
11/7/2022,1116.47
11/8/2022,942.45
11/9/2022,819.48
11/10/2022,925.46
11/11/2022,866.35
11/12/2022,867.35
11/13/2022,868.35
11/14/2022,832.83
11/15/2022,863.19
11/16/2022,839.98
11/17/2022,838.51
11/18/2022,837.96
11/19/2022,838.96
11/20/2022,839.96
11/21/2022,778.49
11/22/2022,800.57
11/23/2022,832.16
11/24/2022,833.16
11/25/2022,836.06
11/26/2022,837.06
11/27/2022,838.06
11/28/2022,819.27
11/29/2022,839.39
11/30/2022,877.09
12/1/2022,868.1
12/2/2022,880.31
12/3/2022,881.31
12/4/2022,882.31
12/5/2022,867.01
12/6/2022,865.95
12/7/2022,851.54
12/8/2022,874.57
12/9/2022,866.06
12/10/2022,867.06
12/11/2022,868.06
12/12/2022,858.96
12/13/2022,892.46
12/14/2022,888.04
12/15/2022,864.77
12/16/2022,829.12
12/17/2022,830.12
12/18/2022,831.12
12/19/2022,798.19
12/20/2022,816.42
12/21/2022,809.71
12/22/2022,813.14
12/23/2022,814.59
12/24/2022,815.59
12/25/2022,816.59
12/26/2022,817.59
12/27/2022,808.85
12/28/2022,797.26
12/29/2022,790.73
12/30/2022,794.08
12/31/2022,795.08
1/1/2023,796.08
1/2/2023,797.08
1/3/2023,815.43
1/4/2023,833.07
1/5/2023,836.77
1/6/2023,840.89
1/7/2023,841.89
1/8/2023,842.89
1/9/2023,882.59
1/10/2023,898.99
1/11/2023,901.08
1/12/2023,961.43
1/13/2023,972.14
1/14/2023,973.14
1/15/2023,974.14
1/16/2023,975.14
1/17/2023,1073.29
1/18/2023,1025.62
1/19/2023,1046.16
1/20/2023,1105.26
1/21/2023,1106.26
1/22/2023,1107.26
1/23/2023,1125.24
1/24/2023,1120.63
1/25/2023,1106.02
1/26/2023,1128.87
1/27/2023,1134.34
1/28/2023,1135.34
1/29/2023,1136.34
1/30/2023,1101.96
1/31/2023,1128.55
2/1/2023,1156.4
2/2/2023,1186.87
2/3/2023,1170.77
2/4/2023,1171.77
2/5/2023,1172.77
2/6/2023,1151.6
2/7/2023,1166.54
2/8/2023,1151.93
2/9/2023,1105.88
2/10/2023,1084
2/11/2023,1085
2/12/2023,1086
2/13/2023,1058.03
2/14/2023,1104.5
2/15/2023,1182.08
2/16/2023,1201.26
2/17/2023,1220.85
2/18/2023,1221.85
2/19/2023,1222.85
2/20/2023,1223.85
2/21/2023,1199.55
2/22/2023,1162.59
2/23/2023,1178.19
2/24/2023,1138.29
2/25/2023,1139.29
2/26/2023,1140.29
2/27/2023,1133.45
2/28/2023,1132.43
3/1/2023,1141.55
3/2/2023,1138.54
3/3/2023,1083.32
3/4/2023,1084.32
3/5/2023,1085.32
3/6/2023,1078.98
3/7/2023,1066.17
3/8/2023,1061.19
3/9/2023,977.18
3/10/2023,972.11
3/11/2023,973.11
3/12/2023,974.11
3/13/2023,1145.07
3/14/2023,1171.8
3/15/2023,1121.69
3/16/2023,1149.69
3/17/2023,1208.6
3/18/2023,1209.6
3/19/2023,1210.6
3/20/2023,1224.68
3/21/2023,1252.26
3/22/2023,1198.47
3/23/2023,1264.71
3/24/2023,1230.33
3/25/2023,1231.33
3/26/2023,1232.33
3/27/2023,1185.57
3/28/2023,1224.38
3/29/2023,1259.31
3/30/2023,1237.52
3/31/2023,1267.92
4/1/2023,1268.92
4/2/2023,1269.92
4/3/2023,1258.52
4/4/2023,1274.55
4/5/2023,1286.79
4/6/2023,1268.64
4/7/2023,1269.64
4/8/2023,1270.64
4/9/2023,1271.64
4/10/2023,1290.64
4/11/2023,1320.13
4/12/2023,1312.67
4/13/2023,1363.75
4/14/2023,1388.51
4/15/2023,1389.51
4/16/2023,1390.51
4/17/2023,1380.65
4/18/2023,1396.26
4/19/2023,1331.34
4/20/2023,1281.36
4/21/2023,1233.02
4/22/2023,1234.02
4/23/2023,1235.02
4/24/2023,1230.94
4/25/2023,1234.75
4/26/2023,1240.89
4/27/2023,1305.41
4/28/2023,1290.85
4/29/2023,1291.85
4/30/2023,1292.85
5/1/2023,1229.15
5/2/2023,1264.34
5/3/2023,1252.98
5/4/2023,1264.09
5/5/2023,1311.31
5/6/2023,1312.31
5/7/2023,1313.31
5/8/2023,1202.26
5/9/2023,1212.07
5/10/2023,1218.71
5/11/2023,1177.22
5/12/2023,1171.4
5/13/2023,1172.4
5/14/2023,1173.4
5/15/2023,1210.62
5/16/2023,1195.87
5/17/2023,1218.53
5/18/2023,1189.78
5/19/2023,1195.6
5/20/2023,1196.6
5/21/2023,1197.6
5/22/2023,1193.6
5/23/2023,1210.49
5/24/2023,1171.24
5/25/2023,1179.34
5/26/2023,1195.93
5/27/2023,1196.93
5/28/2023,1197.93
5/29/2023,1198.93
5/30/2023,1241.99
5/31/2023,1211.47
6/1/2023,1208.26
6/2/2023,1230.9
6/3/2023,1231.9
6/4/2023,1232.9
6/5/2023,1157.52
6/6/2023,1208.77
6/7/2023,1168.42
6/8/2023,1168.46
6/9/2023,1149
6/10/2023,1150
6/11/2023,1151
6/12/2023,1081.33
6/13/2023,1086.69
6/14/2023,1086.92
6/15/2023,1053.07
6/16/2023,1084.48
6/17/2023,1085.48
6/18/2023,1086.48
6/19/2023,1087.48
6/20/2023,1131.96
6/21/2023,1204.76
6/22/2023,1210.62
6/23/2023,1233.83
6/24/2023,1234.83
6/25/2023,1235.83
6/26/2023,1207.4
6/27/2023,1227.06
6/28/2023,1182.4
6/29/2023,1207.28
6/30/2023,1241.6
7/1/2023,1242.6
7/2/2023,1243.6
7/3/2023,1282.68
7/4/2023,1283.68
7/5/2023,1235.26
7/6/2023,1232.45
7/7/2023,1227.55
7/8/2023,1228.55
7/9/2023,1229.55
7/10/2023,1253.45
7/11/2023,1242.39
7/12/2023,1232.89
7/13/2023,1335.35
7/14/2023,1276.93
7/15/2023,1277.93
7/16/2023,1278.93
7/17/2023,1261.38
7/18/2023,1252.58
7/19/2023,1275.89
7/20/2023,1264.13
7/21/2023,1274.62
7/22/2023,1275.62
7/23/2023,1276.62
7/24/2023,1226.54
7/25/2023,1228.53
7/26/2023,1245.12
7/27/2023,1236.68
7/28/2023,1245.32
7/29/2023,1246.32
7/30/2023,1247.32
7/31/2023,1233.83
8/1/2023,1233.31
8/2/2023,1220.56
8/3/2023,1217.55
8/4/2023,1205.3
8/5/2023,1206.3
8/6/2023,1207.3
8/7/2023,1202.26
8/8/2023,1236.43
8/9/2023,1225.87
8/10/2023,1225.12
8/11/2023,1220.16
8/12/2023,1221.16
8/13/2023,1222.16
8/14/2023,1219.65
8/15/2023,1199.82
8/16/2023,1187.68
8/17/2023,1144.69
8/18/2023,1077.58
8/19/2023,1078.58
8/20/2023,1079.58
8/21/2023,1081.24
8/22/2023,1053.76
8/23/2023,1096.29
8/24/2023,1069.04
8/25/2023,1063.64
8/26/2023,1064.64
8/27/2023,1065.64
8/28/2023,1069.17
8/29/2023,1132.01
8/30/2023,1102.95
8/31/2023,1064.59
9/1/2023,1040.98
9/2/2023,1041.98
9/3/2023,1042.98
9/4/2023,1043.98
9/5/2023,1051.01
9/6/2023,1048.36
9/7/2023,1053.99
9/8/2023,1051.03
9/9/2023,1052.03
9/10/2023,1053.03
9/11/2023,994.11
9/12/2023,1033.02
9/13/2023,1036.54
9/14/2023,1058.7
9/15/2023,1051.94
9/16/2023,1052.94
9/17/2023,1053.94
9/18/2023,1071.13
9/19/2023,1080.95
9/20/2023,1066.53
9/21/2023,1049.98
9/22/2023,1048.01
9/23/2023,1049.01
9/24/2023,1050.01
9/25/2023,1047.91
9/26/2023,1044.54
9/27/2023,1047.28
9/28/2023,1082.83
9/29/2023,1083.48
9/30/2023,1084.48
10/1/2023,1085.48
10/2/2023,1114.3
10/3/2023,1095.56
10/4/2023,1097.37
10/5/2023,1088.67
10/6/2023,1109.91
10/7/2023,1110.91
10/8/2023,1111.91
10/9/2023,1070.05
10/10/2023,1059.64
10/11/2023,1047.41
10/12/2023,1034.02
10/13/2023,1040.91
10/14/2023,1041.91
10/15/2023,1042.91
10/16/2023,1090.39
10/17/2023,1078.17
10/18/2023,1072.86
10/19/2023,1085.41
10/20/2023,1117.3
10/21/2023,1118.3
10/22/2023,1119.3
10/23/2023,1203.46
10/24/2023,1257.86
10/25/2023,1286.08
10/26/2023,1270.33
10/27/2023,1260.07
10/28/2023,1261.07
10/29/2023,1262.07
10/30/2023,1298.51
10/31/2023,1301.26
11/1/2023,1333.81
11/2/2023,1334.98
11/3/2023,1325.39
11/4/2023,1326.39
11/5/2023,1327.39
11/6/2023,1385.95
11/7/2023,1405.39
11/8/2023,1409.27
11/9/2023,1448
11/10/2023,1519.62
11/11/2023,1520.62
11/12/2023,1521.62
11/13/2023,1522.95
11/14/2023,1464.33
11/15/2023,1566.59
11/16/2023,1499.43
11/17/2023,1484.03
11/18/2023,1485.03
11/19/2023,1486.03
11/20/2023,1530.57
11/21/2023,1491.67
11/22/2023,1542.41
11/23/2023,1543.41
11/24/2023,1547.74
11/25/2023,1548.74
11/26/2023,1549.74
11/27/2023,1487.88
11/28/2023,1548.78
11/29/2023,1530.31
11/30/2023,1538.72
12/1/2023,1574.67
12/2/2023,1575.67
12/3/2023,1576.67
12/4/2023,1665.96
12/5/2023,1710.04
12/6/2023,1732.26
12/7/2023,1751.03
12/8/2023,1831.89
12/9/2023,1832.89
12/10/2023,1833.89
12/11/2023,1718.65
12/12/2023,1732.72
12/13/2023,1809.74
12/14/2023,1820.59
12/15/2023,1805.19
12/16/2023,1806.19
12/17/2023,1807.19
12/18/2023,1753.61
12/19/2023,1750.3
12/20/2023,1798.6
12/21/2023,1875.97
12/22/2023,1909.35
12/23/2023,1910.35
12/24/2023,1911.35
12/25/2023,1912.35
12/26/2023,1890.48
12/27/2023,1970.13
12/28/2023,1921.96
12/29/2023,1902.3
12/30/2023,1903.3
12/31/2023,1904.3
1/1/2024,1905.3
1/2/2024,1968.2
1/3/2024,1848.7
1/4/2024,1912.08
1/5/2024,1865.45
1/6/2024,1866.45
1/7/2024,1867.45
1/8/2024,1935.81
1/9/2024,1888.85
1/10/2024,1957.67
1/11/2024,2034.6
1/12/2024,1969.86
1/13/2024,1970.86
1/14/2024,1971.86
1/15/2024,1972.86
1/16/2024,1956.93
1/17/2024,1940.25
1/18/2024,1852.89
1/19/2024,1875.54
1/20/2024,1876.54
1/21/2024,1877.54
1/22/2024,1783.4
1/23/2024,1703.33
1/24/2024,1727.14
1/25/2024,1733.58
1/26/2024,1801.55
1/27/2024,1802.55
1/28/2024,1803.55
1/29/2024,1871.15
1/30/2024,1909.05
1/31/2024,1844.49
2/1/2024,1853.01
2/2/2024,1865.34
2/3/2024,1866.34
2/4/2024,1867.34
2/5/2024,1841.57
2/6/2024,1885.15
2/7/2024,1923.72
2/8/2024,1958.23
2/9/2024,2022.1
2/10/2024,2023.1
2/11/2024,2024.1
2/12/2024,2134.32
2/13/2024,2114.73
2/14/2024,2211.86
2/15/2024,2229.15
2/16/2024,2203.97
2/17/2024,2204.97
2/18/2024,2205.97
2/19/2024,2206.97
2/20/2024,2260.47
2/21/2024,2190.52
2/22/2024,2256.78
2/23/2024,2228.46
2/24/2024,2229.46
2/25/2024,2230.46
2/26/2024,2381.24
2/27/2024,2438.24
2/28/2024,2503.8
2/29/2024,2634.49
3/1/2024,2658.04
3/2/2024,2659.04
3/3/2024,2660.04
3/4/2024,2818.11
3/5/2024,2604.23
3/6/2024,2889.39
3/7/2024,2963.51
3/8/2024,2974.81
3/9/2024,2975.81
3/10/2024,2976.81
3/11/2024,3079.3
3/12/2024,3064.4
3/13/2024,3125.42
3/14/2024,2990.9
3/15/2024,3002.53
3/16/2024,3003.53
3/17/2024,3004.53
3/18/2024,2925.98
3/19/2024,2786.18
3/20/2024,2820.87
3/21/2024,2826.73
3/22/2024,2758.48
3/23/2024,2759.48
3/24/2024,2760.48
3/25/2024,3029.77
3/26/2024,2973.53
3/27/2024,2921.51
3/28/2024,2993.11
3/29/2024,2994.11
3/30/2024,2995.11
3/31/2024,2996.11
4/1/2024,2949.15
4/2/2024,2803.71
4/3/2024,2791.8
4/4/2024,2860.92
4/5/2024,2804.99
4/6/2024,2805.99
4/7/2024,2806.99
4/8/2024,3010.87
4/9/2024,2893.01
4/10/2024,2880.86
4/11/2024,2889.21
4/12/2024,2627.84
4/13/2024,2628.84
4/14/2024,2629.84
4/15/2024,2499.63
4/16/2024,2452.51
4/17/2024,2415.92
4/18/2024,2486.52
4/19/2024,2525.76
4/20/2024,2526.76
4/21/2024,2527.76
4/22/2024,2635.77
4/23/2024,2644.98
4/24/2024,2554.82
4/25/2024,2559.47
4/26/2024,2533.86
4/27/2024,2534.86
4/28/2024,2535.86
4/29/2024,2498.34
4/30/2024,2328.78
5/1/2024,2320.45
5/2/2024,2409.21
5/3/2024,2491.17
5/4/2024,2492.17
5/5/2024,2493.17
5/6/2024,2542.11
5/7/2024,2527.18
5/8/2024,2476.94
5/9/2024,2499.11
5/10/2024,2419.88
5/11/2024,2420.88
5/12/2024,2421.88
5/13/2024,2468.96
5/14/2024,2410.25
5/15/2024,2557.9
5/16/2024,2538.73
5/17/2024,2644.21
5/18/2024,2645.21
5/19/2024,2646.21
5/20/2024,2849.54
5/21/2024,2902.04
5/22/2024,2915.08
5/23/2024,2863.15
5/24/2024,2881.7
5/25/2024,2882.7
5/26/2024,2883.7
5/27/2024,2884.7
5/28/2024,2909.88
5/29/2024,2861.36
5/30/2024,2880.26
5/31/2024,2860.02
6/1/2024,2861.02
6/2/2024,2862.02
6/3/2024,2875.84
6/4/2024,2919.25
6/5/2024,2969.56
6/6/2024,2917.07
6/7/2024,2826.86
6/8/2024,2827.86
6/9/2024,2828.86
6/10/2024,2815.28
6/11/2024,2689.4
6/12/2024,2724.59
6/13/2024,2677.24
6/14/2024,2601.72
6/15/2024,2602.72
6/16/2024,2603.72
6/17/2024,2671.14
6/18/2024,2529.56
6/19/2024,2530.56
6/20/2024,2594.67
6/21/2024,2576.25
6/22/2024,2577.25
6/23/2024,2578.25
6/24/2024,2403.14
6/25/2024,2526.83
6/26/2024,2499.62
6/27/2024,2557.98
6/28/2024,2494.79
6/29/2024,2495.79
6/30/2024,2496.79
